"STT","Folder","ID","Goc xoay (bao nhieu do) file giu nguyen goc xay la 0 -khong thuc hien voi anh 2 ban tay"
"No. 1","train1","1377","0"
"No. 2","train1","1378","0"
"No. 3","train1","1379","0"
"No. 4","train1","1380","5"
"No. 5","train1","1381","0"
"No. 6","train1","1382","0"
"No. 7","train1","1383","0"
"No. 8","train1","1384","-10"
"No. 9","train1","1385","20"
"No. 10","train1","1387","-3"
"No. 11","train1","1388","-2"
"No. 12","train1","1389","3"
"No. 13","train1","1390","-10"
"No. 14","train1","1391","0"
"No. 15","train1","1393","0"
"No. 16","train1","1394","2"
"No. 17","train1","1395","0"
"No. 18","train1","1396","0"
"No. 19","train1","1398","0"
"No. 20","train1","1399","10"
"No. 21","train1","1400","0"
"No. 22","train1","1402","40"
"No. 23","train1","1403","5"
"No. 24","train1","1404","2"
"No. 25","train1","1405","0"
"No. 26","train1","1406","0"
"No. 27","train1","1407","-15"
"No. 28","train1","1408","3"
"No. 29","train1","1409","-5"
"No. 30","train1","1411","0"
"No. 31","train1","1412","-1"
"No. 32","train1","1414","3"
"No. 33","train1","1415","-2"
"No. 34","train1","1416","5"
"No. 35","train1","1417","10"
"No. 36","train1","1418","-5"
"No. 37","train1","1419","-2"
"No. 38","train1","1420","20"
"No. 39","train1","1422","0"
"No. 40","train1","1423","-1"
"No. 41","train1","1424","0"
"No. 42","train1","1425","0"
"No. 43","train1","1426","5"
"No. 44","train1","1427","-2"
"No. 45","train1","1428","-4"
"No. 46","train1","1429","10"
"No. 47","train1","1430","Hai Tay"
"No. 48","train1","1431","-5"
"No. 49","train1","1432","0"
"No. 50","train1","1433","5"
"No. 51","train1","1434","-2"
"No. 52","train1","1435","0"
"No. 53","train1","1436","0"
"No. 54","train1","1437","-5"
"No. 55","train1","1438","0"
"No. 56","train1","1439","5"
"No. 57","train1","1440","0"
"No. 58","train1","1441","-3"
"No. 59","train1","1442","0"
"No. 60","train1","1443","-3"
"No. 61","train1","1444","-6"
"No. 62","train1","1445","0"
"No. 63","train1","1446","0"
"No. 64","train1","1447","0"
"No. 65","train1","1448","-5"
"No. 66","train1","1451","-3"
"No. 67","train1","1452","0"
"No. 68","train1","1453","-3"
"No. 69","train1","1454","0"
"No. 70","train1","1455","50"
"No. 71","train1","1457","0"
"No. 72","train1","1458","-5"
"No. 73","train1","1459","3"
"No. 74","train1","1460","5"
"No. 75","train1","1461","0"
"No. 76","train1","1462","0"
"No. 77","train1","1463","10"
"No. 78","train1","1464","-10"
"No. 79","train1","1466","-3"
"No. 80","train1","1467","5"
"No. 81","train1","1468","-3"
"No. 82","train1","1469","-30"
"No. 83","train1","1470","0"
"No. 84","train1","1471","-10"
"No. 85","train1","1472","15"
"No. 86","train1","1473","3"
"No. 87","train1","1474","0"
"No. 88","train1","1475","0"
"No. 89","train1","1476","0"
"No. 90","train1","1477","-15"
"No. 91","train1","1478","-30"
"No. 92","train1","1479","0"
"No. 93","train1","1480","-3"
"No. 94","train1","1481","-3"
"No. 95","train1","1482","2"
"No. 96","train1","1483","0"
"No. 97","train1","1484","0"
"No. 98","train1","1485","0"
"No. 99","train1","1486","0"
"No. 100","train1","1487","-5"
"No. 101","train1","1488","-25"
"No. 102","train1","1489","-30"
"No. 103","train1","1491","-5"
"No. 104","train1","1492","0"
"No. 105","train1","1493","-30"
"No. 106","train1","1494","-5"
"No. 107","train1","1495","-3"
"No. 108","train1","1496","5"
"No. 109","train1","1497","35"
"No. 110","train1","1498","0"
"No. 111","train1","1499","-5"
"No. 112","train1","1500","0"
"No. 113","train1","1501","0"
"No. 114","train1","1502","-5"
"No. 115","train1","1503","3"
"No. 116","train1","1504","-3"
"No. 117","train1","1505","5"
"No. 118","train1","1507","3"
"No. 119","train1","1508","5"
"No. 120","train1","1509","7"
"No. 121","train1","1511","0"
"No. 122","train1","1512","3"
"No. 123","train1","1513","-3"
"No. 124","train1","1514","0"
"No. 125","train1","1515","30"
"No. 126","train1","1516","-5"
"No. 127","train1","1517","3"
"No. 128","train1","1518","-10"
"No. 129","train1","1519","0"
"No. 130","train1","1520","-3"
"No. 131","train1","1521","0"
"No. 132","train1","1522","15"
"No. 133","train1","1523","0"
"No. 134","train1","1524","0"
"No. 135","train1","1525","5"
"No. 136","train1","1526","0"
"No. 137","train1","1527","3"
"No. 138","train1","1529","3"
"No. 139","train1","1530","-15"
"No. 140","train1","1531","-10"
"No. 141","train1","1533","0"
"No. 142","train1","1534","0"
"No. 143","train1","1535","0"
"No. 144","train1","1536","3"
"No. 145","train1","1538","-35"
"No. 146","train1","1540","0"
"No. 147","train1","1541","-10"
"No. 148","train1","1542","5"
"No. 149","train1","1543","-5"
"No. 150","train1","1544","7"
"No. 151","train1","1545","0"
"No. 152","train1","1546","0"
"No. 153","train1","1547","5"
"No. 154","train1","1548","0"
"No. 155","train1","1549","0"
"No. 156","train1","1550","-5"
"No. 157","train1","1551","0"
"No. 158","train1","1553","-2"
"No. 159","train1","1554","3"
"No. 160","train1","1555","0"
"No. 161","train1","1556","7"
"No. 162","train1","1557","0"
"No. 163","train1","1558","0"
"No. 164","train1","1559","30"
"No. 165","train1","1560","-3"
"No. 166","train1","1562","-3"
"No. 167","train1","1563","0"
"No. 168","train1","1565","3"
"No. 169","train1","1566","0"
"No. 170","train1","1567","0"
"No. 171","train1","1568","3"
"No. 172","train1","1570","0"
"No. 173","train1","1571","0"
"No. 174","train1","1572","0"
"No. 175","train1","1574","-5"
"No. 176","train1","1575","2"
"No. 177","train1","1576","-20"
"No. 178","train1","1577","-5"
"No. 179","train1","1578","7"
"No. 180","train1","1580","0"
"No. 181","train1","1581","-2"
"No. 182","train1","1582","0"
"No. 183","train1","1584","3"
"No. 184","train1","1585","-5"
"No. 185","train1","1586","0"
"No. 186","train1","1587","0"
"No. 187","train1","1588","5"
"No. 188","train1","1589","0"
"No. 189","train1","1590","3"
"No. 190","train1","1591","-5"
"No. 191","train1","1592","20"
"No. 192","train1","1593","0"
"No. 193","train1","1594","-5"
"No. 194","train1","1595","-5"
"No. 195","train1","1596","-3"
"No. 196","train1","1597","10"
"No. 197","train1","1598","-3"
"No. 198","train1","1599","-5"
"No. 199","train1","1600","-5"
"No. 200","train1","1601","0"
"No. 201","train1","1602","3"
"No. 202","train1","1604","0"
"No. 203","train1","1605","-5"
"No. 204","train1","1606","0"
"No. 205","train1","1607","10"
"No. 206","train1","1608","0"
"No. 207","train1","1609","10"
"No. 208","train1","1610","5"
"No. 209","train1","1612","3"
"No. 210","train1","1613","-3"
"No. 211","train1","1614","-8"
"No. 212","train1","1615","0"
"No. 213","train1","1616","-5"
"No. 214","train1","1617","0"
"No. 215","train1","1618","0"
"No. 216","train1","1619","-5"
"No. 217","train1","1620","3"
"No. 218","train1","1621","0"
"No. 219","train1","1623","3"
"No. 220","train1","1624","0"
"No. 221","train1","1625","-5"
"No. 222","train1","1626","0"
"No. 223","train1","1627","-3"
"No. 224","train1","1628","0"
"No. 225","train1","1629","7"
"No. 226","train1","1630","-3"
"No. 227","train1","1631","5"
"No. 228","train1","1632","0"
"No. 229","train1","1634","2"
"No. 230","train1","1635","5"
"No. 231","train1","1636","2"
"No. 232","train1","1637","-3"
"No. 233","train1","1638","-3"
"No. 234","train1","1639","0"
"No. 235","train1","1640","0"
"No. 236","train1","1641","3"
"No. 237","train1","1642","3"
"No. 238","train1","1643","0"
"No. 239","train1","1644","0"
"No. 240","train1","1645","-10"
"No. 241","train1","1646","3"
"No. 242","train1","1647","0"
"No. 243","train1","1648","3"
"No. 244","train1","1649","0"
"No. 245","train1","1650","0"
"No. 246","train1","1651","0"
"No. 247","train1","1652","0"
"No. 248","train1","1653","0"
"No. 249","train1","1654","-40"
"No. 250","train1","1656","0"
"No. 251","train1","1658","0"
"No. 252","train1","1659","5"
"No. 253","train1","1660","-15"
"No. 254","train1","1661","0"
"No. 255","train1","1662","-5"
"No. 256","train1","1663","0"
"No. 257","train1","1664","0"
"No. 258","train1","1665","0"
"No. 259","train1","1666","0"
"No. 260","train1","1667","0"
"No. 261","train1","1668","3"
"No. 262","train1","1669","0"
"No. 263","train1","1670","5"
"No. 264","train1","1671","-3"
"No. 265","train1","1672","5"
"No. 266","train1","1673","3"
"No. 267","train1","1674","0"
"No. 268","train1","1675","5"
"No. 269","train1","1677","0"
"No. 270","train1","1678","-30"
"No. 271","train1","1679","0"
"No. 272","train1","1680","0"
"No. 273","train1","1681","0"
"No. 274","train1","1682","-3"
"No. 275","train1","1683","30"
"No. 276","train1","1684","-20"
"No. 277","train1","1685","0"
"No. 278","train1","1686","5"
"No. 279","train1","1688","0"
"No. 280","train1","1689","10"
"No. 281","train1","1690","0"
"No. 282","train1","1691","5"
"No. 283","train1","1692","-5"
"No. 284","train1","1694","-5"
"No. 285","train1","1695","3"
"No. 286","train1","1696","0"
"No. 287","train1","1697","0"
"No. 288","train1","1698","5"
"No. 289","train1","1699","-3"
"No. 290","train1","1700","0"
"No. 291","train1","1701","0"
"No. 292","train1","1702","0"
"No. 293","train1","1703","-5"
"No. 294","train1","1704","0"
"No. 295","train1","1705","-3"
"No. 296","train1","1706","5"
"No. 297","train1","1707","0"
"No. 298","train1","1708","-5"
"No. 299","train1","1709","0"
"No. 300","train1","1710","-5"
"No. 301","train1","1711","0"
"No. 302","train1","1712","-5"
"No. 303","train1","1713","-5"
"No. 304","train1","1714","-40"
"No. 305","train1","1715","-30"
"No. 306","train1","1716","-5"
"No. 307","train1","1717","0"
"No. 308","train1","1718","-10"
"No. 309","train1","1719","35"
"No. 310","train1","1720","5"
"No. 311","train1","1721","0"
"No. 312","train1","1722","0"
"No. 313","train1","1723","0"
"No. 314","train1","1724","0"
"No. 315","train1","1725","0"
"No. 316","train1","1726","-3"
"No. 317","train1","1727","0"
"No. 318","train1","1728","0"
"No. 319","train1","1729","20"
"No. 320","train1","1730","0"
"No. 321","train1","1732","0"
"No. 322","train1","1733","-10"
"No. 323","train1","1734","0"
"No. 324","train1","1736","5"
"No. 325","train1","1737","-30"
"No. 326","train1","1738","-30"
"No. 327","train1","1739","-10"
"No. 328","train1","1741","0"
"No. 329","train1","1742","0"
"No. 330","train1","1743","10"
"No. 331","train1","1744","5"
"No. 332","train1","1745","-20"
"No. 333","train1","1746","0"
"No. 334","train1","1747","-3"
"No. 335","train1","1748","0"
"No. 336","train1","1750","0"
"No. 337","train1","1751","-5"
"No. 338","train1","1752","0"
"No. 339","train1","1753","0"
"No. 340","train1","1754","0"
"No. 341","train1","1755","0"
"No. 342","train1","1756","0"
"No. 343","train1","1757","0"
"No. 344","train1","1758","0"
"No. 345","train1","1759","0"
"No. 346","train1","1761","0"
"No. 347","train1","1762","0"
"No. 348","train1","1763","-3"
"No. 349","train1","1764","0"
"No. 350","train1","1765","0"
"No. 351","train1","1766","3"
"No. 352","train1","1767","0"
"No. 353","train1","1768","0"
"No. 354","train1","1771","-30"
"No. 355","train1","1772","-3"
"No. 356","train1","1775","-5"
"No. 357","train1","1776","3"
"No. 358","train1","1777","10"
"No. 359","train1","1778","0"
"No. 360","train1","1779","L"
"No. 361","train1","1780","5"
"No. 362","train1","1781","5"
"No. 363","train1","1782","0"
"No. 364","train1","1783","0"
"No. 365","train1","1784","-5"
"No. 366","train1","1785","-5"
"No. 367","train1","1786","0"
"No. 368","train1","1787","0"
"No. 369","train1","1789","0"
"No. 370","train1","1790","0"
"No. 371","train1","1791","0"
"No. 372","train1","1792","-5"
"No. 373","train1","1793","5"
"No. 374","train1","1794","0"
"No. 375","train1","1796","0"
"No. 376","train1","1797","0"
"No. 377","train1","1798","0"
"No. 378","train1","1799","-30"
"No. 379","train1","1800","0"
"No. 380","train1","1801","0"
"No. 381","train1","1802","0"
"No. 382","train1","1803","0"
"No. 383","train1","1804","5"
"No. 384","train1","1806","0"
"No. 385","train1","1807","0"
"No. 386","train1","1808","0"
"No. 387","train1","1810","-5"
"No. 388","train1","1811","0"
"No. 389","train1","1812","0"
"No. 390","train1","1813","0"
"No. 391","train1","1814","-40"
"No. 392","train1","1815","0"
"No. 393","train1","1816","0"
"No. 394","train1","1817","0"
"No. 395","train1","1818","0"
"No. 396","train1","1819","5"
"No. 397","train1","1820","-5"
"No. 398","train1","1821","0"
"No. 399","train1","1823","30"
"No. 400","train1","1825","0"
"No. 401","train1","1826","40"
"No. 402","train1","1827","0"
"No. 403","train1","1828","0"
"No. 404","train1","1829","-5"
"No. 405","train1","1830","0"
"No. 406","train1","1831","-10"
"No. 407","train1","1832","5"
"No. 408","train1","1833","0"
"No. 409","train1","1834","0"
"No. 410","train1","1835","5"
"No. 411","train1","1837","-5"
"No. 412","train1","1838","3"
"No. 413","train1","1839","-5"
"No. 414","train1","1840","-50"
"No. 415","train1","1841","0"
"No. 416","train1","1843","0"
"No. 417","train1","1844","0"
"No. 418","train1","1845","0"
"No. 419","train1","1846","0"
"No. 420","train1","1848","0"
"No. 421","train1","1849","-5"
"No. 422","train1","1850","0"
"No. 423","train1","1851","0"
"No. 424","train1","1852","-5"
"No. 425","train1","1853","-5"
"No. 426","train1","1854","0"
"No. 427","train1","1855","-10"
"No. 428","train1","1856","5"
"No. 429","train1","1857","5"
"No. 430","train1","1858","0"
"No. 431","train1","1860","0"
"No. 432","train1","1863","10"
"No. 433","train1","1864","0"
"No. 434","train1","1865","0"
"No. 435","train1","1866","-5"
"No. 436","train1","1867","5"
"No. 437","train1","1868","-20"
"No. 438","train1","1869","5"
"No. 439","train1","1870","-5"
"No. 440","train1","1871","0"
"No. 441","train1","1872","0"
"No. 442","train1","1873","0"
"No. 443","train1","1874","0"
"No. 444","train1","1876","0"
"No. 445","train1","1877","0"
"No. 446","train1","1878","0"
"No. 447","train1","1879","0"
"No. 448","train1","1880","5"
"No. 449","train1","1883","-5"
"No. 450","train1","1884","10"
"No. 451","train1","1885","0"
"No. 452","train1","1886","-10"
"No. 453","train1","1887","0"
"No. 454","train1","1888","0"
"No. 455","train1","1889","-5"
"No. 456","train1","1891","0"
"No. 457","train1","1892","-5"
"No. 458","train1","1893","-10"
"No. 459","train1","1894","0"
"No. 460","train1","1895","5"
"No. 461","train1","1896","0"
"No. 462","train1","1897","0"
"No. 463","train1","1898","0"
"No. 464","train1","1899","0"
"No. 465","train1","1901","0"
"No. 466","train1","1902","0"
"No. 467","train1","1903","0"
"No. 468","train1","1904","5"
"No. 469","train1","1905","-30"
"No. 470","train1","1906","0"
"No. 471","train1","1907","0"
"No. 472","train1","1909","-5"
"No. 473","train1","1910","0"
"No. 474","train1","1911","10"
"No. 475","train1","1912","-10"
"No. 476","train1","1913","0"
"No. 477","train1","1915","0"
"No. 478","train1","1916","0"
"No. 479","train1","1917","0"
"No. 480","train1","1918","0"
"No. 481","train1","1919","5"
"No. 482","train1","1920","5"
"No. 483","train1","1921","-5"
"No. 484","train1","1922","0"
"No. 485","train1","1923","-5"
"No. 486","train1","1925","0"
"No. 487","train1","1926","-3"
"No. 488","train1","1927","-5"
"No. 489","train1","1928","0"
"No. 490","train1","1929","-7"
"No. 491","train1","1931","-10"
"No. 492","train1","1932","-10"
"No. 493","train1","1933","0"
"No. 494","train1","1934","0"
"No. 495","train1","1935","0"
"No. 496","train1","1936","5"
"No. 497","train1","1937","0"
"No. 498","train1","1938","10"
"No. 499","train1","1939","0"
"No. 500","train1","1940","30"
No. 501,train1,1941,3
No. 502,train1,1942,0
No. 503,train1,1943,10
No. 504,train1,1944,0
No. 505,train1,1945,-30
No. 506,train1,1947,0
No. 507,train1,1948,0
No. 508,train1,1949,0
No. 509,train1,1951,0
No. 510,train1,1952,15
No. 511,train1,1953,0
No. 512,train1,1954,0
No. 513,train1,1955,15
No. 514,train1,1956,0
No. 515,train1,1957,0
No. 516,train1,1958,-10
No. 517,train1,1959,-10
No. 518,train1,1961,-10
No. 519,train1,1962,0
No. 520,train1,1963,0
No. 521,train1,1964,0
No. 522,train1,1965,-10
No. 523,train1,1966,-10
No. 524,train1,1967,0
No. 525,train1,1968,-10
No. 526,train1,1969,-15
No. 527,train1,1971,0
No. 528,train1,1972,-20
No. 529,train1,1973,-30
No. 530,train1,1974,0
No. 531,train1,1976,0
No. 532,train1,1977,0
No. 533,train1,1978,0
No. 534,train1,1979,20
No. 535,train1,1980,20
No. 536,train1,1982,0
No. 537,train1,1983,10
No. 538,train1,1984,-30
No. 539,train1,1985,10
No. 540,train1,1986,0
No. 541,train1,1987,-10
No. 542,train1,1988,0
No. 543,train1,1989,0
No. 544,train1,1990,0
No. 545,train1,1992,-30
No. 546,train1,1993,0
No. 547,train1,1994,0
No. 548,train1,1995,0
No. 549,train1,1996,0
No. 550,train1,1997,0
No. 551,train1,1998,-15
No. 552,train1,1999,0
No. 553,train1,2000,0
No. 554,train1,2001,0
No. 555,train1,2002,0
No. 556,train1,2003,0
No. 557,train1,2004,0
No. 558,train1,2005,-10
No. 559,train1,2006,0
No. 560,train1,2007,-10
No. 561,train1,2008,0
No. 562,train1,2009,0
No. 563,train1,2010,70
No. 564,train1,2011,0
No. 565,train1,2012,-15
No. 566,train1,2013,0
No. 567,train1,2014,0
No. 568,train1,2015,0
No. 569,train1,2017,0
No. 570,train1,2020,0
No. 571,train1,2021,0
No. 572,train1,2022,20
No. 573,train1,2023,20
No. 574,train1,2024,0
No. 575,train1,2025,0
No. 576,train1,2026,0
No. 577,train1,2027,-15
No. 578,train1,2028,0
No. 579,train1,2029,0
No. 580,train1,2030,-35
No. 581,train1,2031,10
No. 582,train1,2032,10
No. 583,train1,2033,0
No. 584,train1,2034,20
No. 585,train1,2035,0
No. 586,train1,2037,0
No. 587,train1,2038,0
No. 588,train1,2039,-10
No. 589,train1,2040,-10
No. 590,train1,2041,0
No. 591,train1,2042,0
No. 592,train1,2043,0
No. 593,train1,2044,0
No. 594,train1,2045,0
No. 595,train1,2046,10
No. 596,train1,2048,0
No. 597,train1,2049,0
No. 598,train1,2050,0
No. 599,train1,2051,0
No. 600,train1,2052,0
No. 601,train1,2053,0
No. 602,train1,2055,0
No. 603,train1,2056,0
No. 604,train1,2057,0
No. 605,train1,2058,-20
No. 606,train1,2059,15
No. 607,train1,2060,0
No. 608,train1,2061,-10
No. 609,train1,2062,10
No. 610,train1,2063,-10
No. 611,train1,2065,0
No. 612,train1,2066,0
No. 613,train1,2067,0
No. 614,train1,2069,0
No. 615,train1,2070,0
No. 616,train1,2071,0
No. 617,train1,2072,0
No. 618,train1,2073,0
No. 619,train1,2074,0
No. 620,train1,2075,0
No. 621,train1,2076,0
No. 622,train1,2077,10
No. 623,train1,2078,10
No. 624,train1,2079,0
No. 625,train1,2080,20
No. 626,train1,2081,10
No. 627,train1,2082,0
No. 628,train1,2083,-30
No. 629,train1,2084,0
No. 630,train1,2085,-10
No. 631,train1,2086,0
No. 632,train1,2087,0
No. 633,train1,2088,0
No. 634,train1,2089,0
No. 635,train1,2091,0
No. 636,train1,2092,0
No. 637,train1,2093,10
No. 638,train1,2094,-10
No. 639,train1,2095,0
No. 640,train1,2096,0
No. 641,train1,2097,0
No. 642,train1,2098,0
No. 643,train1,2099,0
No. 644,train1,2100,0
No. 645,train1,2101,0
No. 646,train1,2102,-20
No. 647,train1,2103,0
No. 648,train1,2104,0
No. 649,train1,2105,0
No. 650,train1,2106,0
No. 651,train1,2107,0
No. 652,train1,2108,0
No. 653,train1,2109,-10
No. 654,train1,2110,0
No. 655,train1,2111,-10
No. 656,train1,2112,0
No. 657,train1,2113,-10
No. 658,train1,2114,0
No. 659,train1,2115,10
No. 660,train1,2116,0
No. 661,train1,2117,0
No. 662,train1,2118,-10
No. 663,train1,2119,0
No. 664,train1,2120,0
No. 665,train1,2121,0
No. 666,train1,2122,0
No. 667,train1,2123,0
No. 668,train1,2125,10
No. 669,train1,2126,0
No. 670,train1,2128,0
No. 671,train1,2129,10
No. 672,train1,2130,0
No. 673,train1,2131,-10
No. 674,train1,2132,-10
No. 675,train1,2133,60
No. 676,train1,2134,0
No. 677,train1,2135,-20
No. 678,train1,2136,-20
No. 679,train1,2137,20
No. 680,train1,2138,0
No. 681,train1,2139,0
No. 682,train1,2141,0
No. 683,train1,2142,0
No. 684,train1,2143,0
No. 685,train1,2144,-10
No. 686,train1,2145,0
No. 687,train1,2146,0
No. 688,train1,2147,0
No. 689,train1,2148,0
No. 690,train1,2149,0
No. 691,train1,2150,0
No. 692,train1,2151,-10
No. 693,train1,2152,0
No. 694,train1,2153,0
No. 695,train1,2154,0
No. 696,train1,2155,0
No. 697,train1,2156,0
No. 698,train1,2157,0
No. 699,train1,2158,0
No. 700,train1,2159,10
No. 701,train1,2160,0
No. 702,train1,2161,-10
No. 703,train1,2162,0
No. 704,train1,2163,0
No. 705,train1,2164,0
No. 706,train1,2165,0
No. 707,train1,2166,0
No. 708,train1,2167,-20
No. 709,train1,2168,-10
No. 710,train1,2169,10
No. 711,train1,2170,0
No. 712,train1,2171,0
No. 713,train1,2172,0
No. 714,train1,2173,0
No. 715,train1,2174,20
No. 716,train1,2175,45
No. 717,train1,2176,0
No. 718,train1,2177,0
No. 719,train1,2178,-45
No. 720,train1,2180,-20
No. 721,train1,2181,10
No. 722,train1,2182,0
No. 723,train1,2183,0
No. 724,train1,2184,0
No. 725,train1,2185,0
No. 726,train1,2186,0
No. 727,train1,2187,0
No. 728,train1,2188,0
No. 729,train1,2189,0
No. 730,train1,2192,0
No. 731,train1,2193,10
No. 732,train1,2194,0
No. 733,train1,2195,0
No. 734,train1,2196,0
No. 735,train1,2197,0
No. 736,train1,2200,0
No. 737,train1,2201,10
No. 738,train1,2202,0
No. 739,train1,2203,10
No. 740,train1,2204,0
No. 741,train1,2205,0
No. 742,train1,2206,0
No. 743,train1,2207,-10
No. 744,train1,2208,0
No. 745,train1,2209,0
No. 746,train1,2210,10
No. 747,train1,2211,0
No. 748,train1,2212,0
No. 749,train1,2213,0
No. 750,train1,2214,0
No. 751,train1,2216,0
No. 752,train1,2217,0
No. 753,train1,2219,0
No. 754,train1,2220,0
No. 755,train1,2221,0
No. 756,train1,2222,0
No. 757,train1,2223,0
No. 758,train1,2224,10
No. 759,train1,2225,0
No. 760,train1,2226,10
No. 761,train1,2227,0
No. 762,train1,2228,10
No. 763,train1,2229,0
No. 764,train1,2230,0
No. 765,train1,2231,-10
No. 766,train1,2232,0
No. 767,train1,2233,-10
No. 768,train1,2234,0
No. 769,train1,2235,0
No. 770,train1,2236,0
No. 771,train1,2237,-10
No. 772,train1,2238,0
No. 773,train1,2239,0
No. 774,train1,2240,0
No. 775,train1,2241,0
No. 776,train1,2242,0
No. 777,train1,2243,0
No. 778,train1,2245,-10
No. 779,train1,2246,0
No. 780,train1,2247,0
No. 781,train1,2248,0
No. 782,train1,2249,0
No. 783,train1,2250,0
No. 784,train1,2251,0
No. 785,train1,2253,0
No. 786,train1,2254,10
No. 787,train1,2255,0
No. 788,train1,2256,2 tay
No. 789,train1,2258,0
No. 790,train1,2259,0
No. 791,train1,2260,0
No. 792,train1,2261,10
No. 793,train1,2262,0
No. 794,train1,2263,0
No. 795,train1,2265,20
No. 796,train1,2266,0
No. 797,train1,2267,-10
No. 798,train1,2268,0
No. 799,train1,2269,0
No. 800,train1,2270,-20
No. 801,train1,2271,10
No. 802,train1,2272,10
No. 803,train1,2273,0
No. 804,train1,2274,0
No. 805,train1,2275,0
No. 806,train1,2276,10
No. 807,train1,2277,10
No. 808,train1,2278,0
No. 809,train1,2279,0
No. 810,train1,2280,10
No. 811,train1,2282,0
No. 812,train1,2283,-10
No. 813,train1,2284,-20
No. 814,train1,2285,0
No. 815,train1,2286,0
No. 816,train1,2287,0
No. 817,train1,2288,0
No. 818,train1,2289,0
No. 819,train1,2290,0
No. 820,train1,2291,10
No. 821,train1,2292,0
No. 822,train1,2293,0
No. 823,train1,2294,0
No. 824,train1,2295,0
No. 825,train1,2296,0
No. 826,train1,2297,0
No. 827,train1,2298,-10
No. 828,train1,2299,-10
No. 829,train1,2300,0
No. 830,train1,2301,0
No. 831,train1,2303,0
No. 832,train1,2304,0
No. 833,train1,2305,20
No. 834,train1,2306,0
No. 835,train1,2307,0
No. 836,train1,2308,0
No. 837,train1,2309,0
No. 838,train1,2310,0
No. 839,train1,2311,0
No. 840,train1,2312,-10
No. 841,train1,2313,0
No. 842,train1,2316,0
No. 843,train1,2317,10
No. 844,train1,2318,0
No. 845,train1,2319,0
No. 846,train1,2320,0
No. 847,train1,2321,0
No. 848,train1,2322,10
No. 849,train1,2323,-10
No. 850,train1,2324,10
No. 851,train1,2325,10
No. 852,train1,2326,0
No. 853,train1,2327,90
No. 854,train1,2328,0
No. 855,train1,2329,-10
No. 856,train1,2330,0
No. 857,train1,2331,0
No. 858,train1,2332,-10
No. 859,train1,2333,0
No. 860,train1,2336,0
No. 861,train1,2337,0
No. 862,train1,2339,0
No. 863,train1,2340,0
No. 864,train1,2341,0
No. 865,train1,2342,0
No. 866,train1,2343,0
No. 867,train1,2344,0
No. 868,train1,2345,0
No. 869,train1,2346,0
No. 870,train1,2347,0
No. 871,train1,2348,0
No. 872,train1,2349,0
No. 873,train1,2350,10
No. 874,train1,2351,0
No. 875,train1,2352,30
No. 876,train1,2353,0
No. 877,train1,2354,0
No. 878,train1,2355,0
No. 879,train1,2356,0
No. 880,train1,2357,0
No. 881,train1,2358,-10
No. 882,train1,2359,0
No. 883,train1,2360,0
No. 884,train1,2361,0
No. 885,train1,2363,-20
No. 886,train1,2364,10
No. 887,train1,2365,0
No. 888,train1,2366,0
No. 889,train1,2367,-10
No. 890,train1,2368,0
No. 891,train1,2369,0
No. 892,train1,2370,0
No. 893,train1,2371,0
No. 894,train1,2372,30
No. 895,train1,2373,0
No. 896,train1,2374,0
No. 897,train1,2375,0
No. 898,train1,2376,0
No. 899,train1,2378,0
No. 900,train1,2379,0
No. 901,train1,2380,0
No. 902,train1,2381,0
No. 903,train1,2382,0
No. 904,train1,2383,0
No. 905,train1,2384,0
No. 906,train1,2385,-10
No. 907,train1,2386,0
No. 908,train1,2387,0
No. 909,train1,2388,0
No. 910,train1,2389,-10
No. 911,train1,2390,0
No. 912,train1,2391,0
No. 913,train1,2393,0
No. 914,train1,2394,0
No. 915,train1,2395,0
No. 916,train1,2396,0
No. 917,train1,2398,0
No. 918,train1,2400,0
No. 919,train1,2401,0
No. 920,train1,2402,0
No. 921,train1,2403,0
No. 922,train1,2404,-10
No. 923,train1,2405,0
No. 924,train1,2406,0
No. 925,train1,2407,0
No. 926,train1,2408,0
No. 927,train1,2409,-10
No. 928,train1,2410,0
No. 929,train1,2411,0
No. 930,train1,2412,0
No. 931,train1,2413,0
No. 932,train1,2414,-30
No. 933,train1,2415,0
No. 934,train1,2416,0
No. 935,train1,2417,0
No. 936,train1,2418,0
No. 937,train1,2419,0
No. 938,train1,2421,0
No. 939,train1,2422,0
No. 940,train1,2423,10
No. 941,train1,2424,0
No. 942,train1,2425,0
No. 943,train1,2427,0
No. 944,train1,2428,0
No. 945,train1,2429,0
No. 946,train1,2430,0
No. 947,train1,2431,0
No. 948,train1,2432,0
No. 949,train1,2433,0
No. 950,train1,2435,-10
No. 951,train1,2436,0
No. 952,train1,2437,0
No. 953,train1,2438,0
No. 954,train1,2439,0
No. 955,train1,2440,0
No. 956,train1,2442,-10
No. 957,train1,2443,0
No. 958,train1,2444,0
No. 959,train1,2445,0
No. 960,train1,2446,0
No. 961,train1,2447,0
No. 962,train1,2448,0
No. 963,train1,2449,0
No. 964,train1,2450,0
No. 965,train1,2451,0
No. 966,train1,2452,0
No. 967,train1,2453,0
No. 968,train1,2454,0
No. 969,train1,2455,0
No. 970,train1,2456,0
No. 971,train1,2457,0
No. 972,train1,2458,0
No. 973,train1,2460,0
No. 974,train1,2461,0
No. 975,train1,2462,-10
No. 976,train1,2464,0
No. 977,train1,2465,0
No. 978,train1,2466,10
No. 979,train1,2467,0
No. 980,train1,2468,0
No. 981,train1,2469,0
No. 982,train1,2470,-10
No. 983,train1,2471,0
No. 984,train1,2473,0
No. 985,train1,2475,0
No. 986,train1,2476,0
No. 987,train1,2477,0
No. 988,train1,2478,0
No. 989,train1,2479,0
No. 990,train1,2480,0
No. 991,train1,2481,0
No. 992,train1,2482,0
No. 993,train1,2483,0
No. 994,train1,2484,0
No. 995,train1,2485,0
No. 996,train1,2486,-10
No. 997,train1,2487,0
No. 998,train1,2488,0
No. 999,train1,2489,10
No. 1000,train1,2490,0
No. 1001,train1,2491,0
No. 1002,train1,2492,355
No. 1003,train1,2493,0
No. 1004,train1,2494,0
No. 1005,train1,2495,10
No. 1006,train1,2496,0
No. 1007,train1,2497,0
No. 1008,train1,2498,0
No. 1009,train1,2499,357
No. 1010,train1,2500,358
No. 1011,train1,2501,350
No. 1012,train1,2502,0
No. 1013,train1,2503,0
No. 1014,train1,2504,0
No. 1015,train1,2505,0
No. 1016,train1,2506,0
No. 1017,train1,2507,0
No. 1018,train1,2508,10
No. 1019,train1,2509,5
No. 1020,train1,2510,0
No. 1021,train1,2511,0
No. 1022,train1,2512,0
No. 1023,train1,2513,0
No. 1024,train1,2514,0
No. 1025,train1,2515,5
No. 1026,train1,2516,-10
No. 1027,train1,2517,0
No. 1028,train1,2518,-5
No. 1029,train1,2519,5
No. 1030,train1,2520,0
No. 1031,train1,2521,0
No. 1032,train1,2522,0
No. 1033,train1,2523,-10
No. 1034,train1,2525,-10
No. 1035,train1,2526,0
No. 1036,train1,2527,10
No. 1037,train1,2528,0
No. 1038,train1,2529,0
No. 1039,train1,2530,0
No. 1040,train1,2531,0
No. 1041,train1,2532,0
No. 1042,train1,2533,0
No. 1043,train1,2534,0
No. 1044,train1,2535,-5
No. 1045,train1,2537,0
No. 1046,train1,2538,0
No. 1047,train1,2539,0
No. 1048,train1,2540,0
No. 1049,train1,2541,0
No. 1050,train1,2543,10
No. 1051,train1,2544,0
No. 1052,train1,2545,0
No. 1053,train1,2546,0
No. 1054,train1,2547,0
No. 1055,train1,2550,0
No. 1056,train1,2551,0
No. 1057,train1,2552,0
No. 1058,train1,2553,0
No. 1059,train1,2554,0
No. 1060,train1,2555,-5
No. 1061,train1,2556,5
No. 1062,train1,2557,-5
No. 1063,train1,2558,0
No. 1064,train1,2559,0
No. 1065,train1,2560,0
No. 1066,train1,2562,0
No. 1067,train1,2563,0
No. 1068,train1,2564,0
No. 1069,train1,2565,0
No. 1070,train1,2566,0
No. 1071,train1,2567,-3
No. 1072,train1,2568,15
No. 1073,train1,2570,0
No. 1074,train1,2571,10
No. 1075,train1,2572,-10
No. 1076,train1,2573,0
No. 1077,train1,2574,5
No. 1078,train1,2575,-32
No. 1079,train1,2576,0
No. 1080,train1,2577,-20
No. 1081,train1,2578,10
No. 1082,train1,2579,10
No. 1083,train1,2580,0
No. 1084,train1,2581,-13
No. 1085,train1,2582,-10
No. 1086,train1,2583,5
No. 1087,train1,2584,0
No. 1088,train1,2585,-30
No. 1089,train1,2586,0
No. 1090,train1,2587,0
No. 1091,train1,2588,0
No. 1092,train1,2589,0
No. 1093,train1,2590,-3
No. 1094,train1,2591,0
No. 1095,train1,2592,-13
No. 1096,train1,2594,10
No. 1097,train1,2595,2
No. 1098,train1,2596,-10
No. 1099,train1,2597,0
No. 1100,train1,2598,0
No. 1101,train1,2599,15
No. 1102,train1,2600,-14
No. 1103,train1,2601,-3
No. 1104,train1,2603,7
No. 1105,train1,2604,0
No. 1106,train1,2605,0
No. 1107,train1,2606,0
No. 1108,train1,2607,0
No. 1109,train1,2608,5
No. 1110,train1,2609,3
No. 1111,train1,2611,8
No. 1112,train1,2612,-10
No. 1113,train1,2613,0
No. 1114,train1,2614,0
No. 1115,train1,2615,0
No. 1116,train1,2616,0
No. 1117,train1,2617,25
No. 1118,train1,2618,5
No. 1119,train1,2620,0
No. 1120,train1,2621,-5
No. 1121,train1,2622,0
No. 1122,train1,2623,0
No. 1123,train1,2624,5
No. 1124,train1,2625,-5
No. 1125,train1,2626,5
No. 1126,train1,2627,0
No. 1127,train1,2628,-3
No. 1128,train1,2629,15
No. 1129,train1,2631,-10
No. 1130,train1,2632,-10
No. 1131,train1,2633,0
No. 1132,train1,2635,0
No. 1133,train1,2636,0
No. 1134,train1,2637,-7
No. 1135,train1,2638,0
No. 1136,train1,2639,0
No. 1137,train1,2640,0
No. 1138,train1,2641,0
No. 1139,train1,2642,0
No. 1140,train1,2643,2
No. 1141,train1,2644,0
No. 1142,train1,2645,-5
No. 1143,train1,2646,0
No. 1144,train1,2647,0
No. 1145,train1,2648,-5
No. 1146,train1,2649,0
No. 1147,train1,2650,0
No. 1148,train1,2651,0
No. 1149,train1,2652,0
No. 1150,train1,2653,0
No. 1151,train1,2654,0
No. 1152,train1,2655,5
No. 1153,train1,2656,0
No. 1154,train1,2657,-5
No. 1155,train1,2658,0
No. 1156,train1,2659,0
No. 1157,train1,2660,0
No. 1158,train1,2661,0
No. 1159,train1,2662,32
No. 1160,train1,2663,3
No. 1161,train1,2664,-3
No. 1162,train1,2665,-5
No. 1163,train1,2666,8
No. 1164,train1,2667,0
No. 1165,train1,2668,0
No. 1166,train1,2669,2
No. 1167,train1,2670,-7
No. 1168,train1,2671,2
No. 1169,train1,2672,5
No. 1170,train1,2673,0
No. 1171,train1,2674,5
No. 1172,train1,2677,0
No. 1173,train1,2678,0
No. 1174,train1,2679,-2
No. 1175,train1,2680,0
No. 1176,train1,2681,-7
No. 1177,train1,2682,0
No. 1178,train1,2684,0
No. 1179,train1,2685,0
No. 1180,train1,2686,0
No. 1181,train1,2687,L
No. 1182,train1,2688,7
No. 1183,train1,2689,7
No. 1184,train1,2690,0
No. 1185,train1,2691,0
No. 1186,train1,2692,0
No. 1187,train1,2693,0
No. 1188,train1,2694,0
No. 1189,train1,2695,0
No. 1190,train1,2696,0
No. 1191,train1,2697,0
No. 1192,train1,2698,-2
No. 1193,train1,2699,3
No. 1194,train1,2700,-3
No. 1195,train1,2701,0
No. 1196,train1,2702,0
No. 1197,train1,2703,3
No. 1198,train1,2704,0
No. 1199,train1,2705,-15
No. 1200,train1,2706,0
No. 1201,train1,2707,-15
No. 1202,train1,2708,0
No. 1203,train1,2709,0
No. 1204,train1,2710,-2
No. 1205,train1,2712,0
No. 1206,train1,2713,0
No. 1207,train1,2714,0
No. 1208,train1,2715,0
No. 1209,train1,2716,0
No. 1210,train1,2717,2
No. 1211,train1,2718,0
No. 1212,train1,2719,0
No. 1213,train1,2721,-10
No. 1214,train1,2722,-10
No. 1215,train1,2723,0
No. 1216,train1,2724,0
No. 1217,train1,2725,3
No. 1218,train1,2726,25
No. 1219,train1,2727,0
No. 1220,train1,2728,-10
No. 1221,train1,2729,0
No. 1222,train1,2730,0
No. 1223,train1,2731,0
No. 1224,train1,2732,0
No. 1225,train1,2733,0
No. 1226,train1,2734,3
No. 1227,train1,2735,0
No. 1228,train1,2736,0
No. 1229,train1,2737,-8
No. 1230,train1,2738,0
No. 1231,train1,2739,0
No. 1232,train1,2740,0
No. 1233,train1,2741,0
No. 1234,train1,2742,0
No. 1235,train1,2743,5
No. 1236,train1,2744,0
No. 1237,train1,2745,0
No. 1238,train1,2746,0
No. 1239,train1,2747,0
No. 1240,train1,2748,0
No. 1241,train1,2749,-3
No. 1242,train1,2750,0
No. 1243,train1,2752,-3
No. 1244,train1,2753,3
No. 1245,train1,2754,0
No. 1246,train1,2755,0
No. 1247,train1,2756,0
No. 1248,train1,2757,0
No. 1249,train1,2758,-2
No. 1250,train1,2759,0
No. 1251,train1,2760,0
No. 1252,train1,2761,-3
No. 1253,train1,2762,0
No. 1254,train1,2765,9
No. 1255,train1,2766,0
No. 1256,train1,2767,0
No. 1257,train1,2768,0
No. 1258,train1,2769,0
No. 1259,train1,2771,-13
No. 1260,train1,2772,6
No. 1261,train1,2773,0
No. 1262,train1,2774,-2
No. 1263,train1,2775,-2
No. 1264,train1,2776,-3
No. 1265,train1,2777,0
No. 1266,train1,2778,7
No. 1267,train1,2779,-8
No. 1268,train1,2780,0
No. 1269,train1,2781,0
No. 1270,train1,2782,0
No. 1271,train1,2783,-7
No. 1272,train1,2784,0
No. 1273,train1,2785,0
No. 1274,train1,2786,-35
No. 1275,train1,2787,-3
No. 1276,train1,2788,-8
No. 1277,train1,2789,10
No. 1278,train1,2790,0
No. 1279,train1,2791,2
No. 1280,train1,2792,0
No. 1281,train1,2793,-2
No. 1282,train1,2794,0
No. 1283,train1,2795,10
No. 1284,train1,2797,0
No. 1285,train1,2798,-3
No. 1286,train1,2799,0
No. 1287,train1,2801,0
No. 1288,train1,2802,-5
No. 1289,train1,2804,8
No. 1290,train1,2805,-2
No. 1291,train1,2806,4
No. 1292,train1,2807,0
No. 1293,train1,2808,0
No. 1294,train1,2810,2
No. 1295,train1,2811,0
No. 1296,train1,2812,0
No. 1297,train1,2813,0
No. 1298,train1,2814,0
No. 1299,train1,2815,0
No. 1300,train1,2817,0
No. 1301,train1,2818,0
No. 1302,train1,2819,0
No. 1303,train1,2821,0
No. 1304,train1,2823,-2
No. 1305,train1,2825,0
No. 1306,train1,2826,0
No. 1307,train1,2827,-10
No. 1308,train1,2828,0
No. 1309,train1,2829,0
No. 1310,train1,2830,-3
No. 1311,train1,2832,0
No. 1312,train1,2834,0
No. 1313,train1,2835,0
No. 1314,train1,2836,0
No. 1315,train1,2837,0
No. 1316,train1,2838,0
No. 1317,train1,2839,0
No. 1318,train1,2841,0
No. 1319,train1,2843,0
No. 1320,train1,2844,-6
No. 1321,train1,2845,8
No. 1322,train1,2846,0
No. 1323,train1,2847,14
No. 1324,train1,2848,L
No. 1325,train1,2849,18
No. 1326,train1,2850,3
No. 1327,train1,2851,0
No. 1328,train1,2852,0
No. 1329,train1,2853,-6
No. 1330,train1,2854,0
No. 1331,train1,2855,-3
No. 1332,train1,2856,0
No. 1333,train1,2857,0
No. 1334,train1,2858,-10
No. 1335,train1,2859,3
No. 1336,train1,2861,0
No. 1337,train1,2862,0
No. 1338,train1,2864,2
No. 1339,train1,2865,-13
No. 1340,train1,2866,5
No. 1341,train1,2867,5
No. 1342,train1,2868,0
No. 1343,train1,2870,-4
No. 1344,train1,2871,13
No. 1345,train1,2872,2
No. 1346,train1,2873,3
No. 1347,train1,2874,0
No. 1348,train1,2875,0
No. 1349,train1,2876,0
No. 1350,train1,2877,0
No. 1351,train1,2878,0
No. 1352,train1,2879,5
No. 1353,train1,2880,0
No. 1354,train1,2881,3
No. 1355,train1,2882,0
No. 1356,train1,2883,0
No. 1357,train1,2884,0
No. 1358,train1,2885,0
No. 1359,train1,2886,0
No. 1360,train1,2887,0
No. 1361,train1,2888,0
No. 1362,train1,2889,-3
No. 1363,train1,2890,-2
No. 1364,train1,2892,2
No. 1365,train1,2893,3
No. 1366,train1,2894,0
No. 1367,train1,2895,0
No. 1368,train1,2896,5
No. 1369,train1,2897,0
No. 1370,train1,2898,0
No. 1371,train1,2899,0
No. 1372,train1,2900,0
No. 1373,train1,2901,-10
No. 1374,train1,2902,15
No. 1375,train1,2903,3
No. 1376,train1,2904,-2
No. 1377,train1,2905,0
No. 1378,train1,2906,2
No. 1379,train1,2907,0
No. 1380,train1,2908,-18
No. 1381,train1,2909,0
No. 1382,train1,2911,-15
No. 1383,train1,2912,0
No. 1384,train1,2913,0
No. 1385,train1,2914,0
No. 1386,train1,2916,0
No. 1387,train1,2917,0
No. 1388,train1,2918,0
No. 1389,train1,2920,2
No. 1390,train1,2921,0
No. 1391,train1,2922,2
No. 1392,train1,2923,20
No. 1393,train1,2924,-5
No. 1394,train1,2925,0
No. 1395,train1,2926,-10
No. 1396,train1,2927,5
No. 1397,train1,2928,0
No. 1398,train1,2929,0
No. 1399,train1,2930,0
No. 1400,train1,2932,0
No. 1401,train1,2933,3
No. 1402,train1,2934,0
No. 1403,train1,2935,0
No. 1404,train1,2936,0
No. 1405,train1,2937,2
No. 1406,train1,2938,2
No. 1407,train1,2939,10
No. 1408,train1,2942,0
No. 1409,train1,2943,5
No. 1410,train1,2944,8
No. 1411,train1,2946,-3
No. 1412,train1,2947,2
No. 1413,train1,2948,0
No. 1414,train1,2949,-5
No. 1415,train1,2950,2
No. 1416,train1,2951,0
No. 1417,train1,2952,3
No. 1418,train1,2953,0
No. 1419,train1,2954,-7
No. 1420,train1,2955,0
No. 1421,train1,2956,0
No. 1422,train1,2957,-5
No. 1423,train1,2958,-7
No. 1424,train1,2959,0
No. 1425,train1,2961,0
No. 1426,train1,2962,5
No. 1427,train1,2963,0
No. 1428,train1,2964,5
No. 1429,train1,2965,-20
No. 1430,train1,2966,3
No. 1431,train1,2969,0
No. 1432,train1,2970,0
No. 1433,train1,2971,0
No. 1434,train1,2974,0
No. 1435,train1,2975,0
No. 1436,train1,2976,0
No. 1437,train1,2977,3
No. 1438,train1,2978,0
No. 1439,train1,2979,-2
No. 1440,train1,2980,0
No. 1441,train1,2982,0
No. 1442,train1,2983,0
No. 1443,train1,2984,-5
No. 1444,train1,2985,5
No. 1445,train1,2986,0
No. 1446,train1,2987,15
No. 1447,train1,2988,0
No. 1448,train1,2989,0
No. 1449,train1,2990,0
No. 1450,train1,2991,0
No. 1451,train1,2992,0
No. 1452,train1,2993,0
No. 1453,train1,2994,-10
No. 1454,train1,2996,0
No. 1455,train1,2997,0
No. 1456,train1,2998,0
No. 1457,train1,2999,-10
No. 1458,train1,3000,0
No. 1459,train1,3001,-8
No. 1460,train1,3002,0
No. 1461,train1,3003,-5
No. 1462,train1,3004,5
No. 1463,train1,3005,3
No. 1464,train1,3006,0
No. 1465,train1,3007,0
No. 1466,train1,3008,0
No. 1467,train1,3010,7
No. 1468,train1,3011,5
No. 1469,train1,3012,0
No. 1470,train1,3013,5
No. 1471,train1,3014,5
No. 1472,train1,3015,10
No. 1473,train1,3016,0
No. 1474,train1,3017,-3
No. 1475,train1,3018,3
No. 1476,train1,3019,0
No. 1477,train1,3020,8
No. 1478,train1,3021,3
No. 1479,train1,3022,3
No. 1480,train1,3023,0
No. 1481,train1,3024,0
No. 1482,train1,3025,15
No. 1483,train1,3026,0
No. 1484,train1,3027,10
No. 1485,train1,3028,0
No. 1486,train1,3029,-5
No. 1487,train1,3030,0
No. 1488,train1,3031,-10
No. 1489,train1,3032,15
No. 1490,train1,3033,0
No. 1491,train1,3034,-10
No. 1492,train1,3035,0
No. 1493,train1,3036,0
No. 1494,train1,3037,0
No. 1495,train1,3038,-5
No. 1496,train1,3039,5
No. 1497,train1,3040,20
No. 1498,train1,3041,0
No. 1499,train1,3042,0
No. 1500,train1,3043,0
No. 1501,train1,3047,2
No. 1502,train1,3048,-3
No. 1503,train1,3049,0
No. 1504,train1,3050,-1
No. 1505,train1,3051,2
No. 1506,train1,3052,6
No. 1507,train1,3053,5
No. 1508,train1,3054,8
No. 1509,train1,3055,6
No. 1510,train1,3056,10
No. 1511,train1,3057,0
No. 1512,train1,3058,-5
No. 1513,train1,3059,-9
No. 1514,train1,3060,-3
No. 1515,train1,3061,-5
No. 1516,train1,3062,3
No. 1517,train1,3063,9
No. 1518,train1,3064,-6
No. 1519,train1,3065,-5
No. 1520,train1,3066,-8
No. 1521,train1,3068,-2
No. 1522,train1,3069,4
No. 1523,train1,3070,2
No. 1524,train1,3071,-8
No. 1525,train1,3072,0
No. 1526,train1,3073,5
No. 1527,train1,3074,12
No. 1528,train1,3075,-3
No. 1529,train1,3076,0
No. 1530,train1,3077,-3
No. 1531,train1,3078,-5
No. 1532,train1,3079,0
No. 1533,train1,3080,-2
No. 1534,train1,3081,8
No. 1535,train1,3082,4
No. 1536,train1,3083,-15
No. 1537,train1,3084,3
No. 1538,train1,3085,L
No. 1539,train1,3086,1
No. 1540,train1,3087,-5
No. 1541,train1,3088,20
No. 1542,train1,3090,-5
No. 1543,train1,3091,2
No. 1544,train1,3092,-8
No. 1545,train1,3093,-7
No. 1546,train1,3094,5
No. 1547,train1,3095,0
No. 1548,train1,3096,15
No. 1549,train1,3097,0
No. 1550,train1,3098,0
No. 1551,train1,3099,-5
No. 1552,train1,3100,-50
No. 1553,train1,3103,-5
No. 1554,train1,3104,-5
No. 1555,train1,3105,0
No. 1556,train1,3108,2
No. 1557,train1,3110,L
No. 1558,train1,3111,7
No. 1559,train1,3112,0
No. 1560,train1,3113,0
No. 1561,train1,3114,-8
No. 1562,train1,3115,-3
No. 1563,train1,3116,0
No. 1564,train1,3118,0
No. 1565,train1,3120,-9
No. 1566,train1,3121,-2
No. 1567,train1,3122,0
No. 1568,train1,3123,-7
No. 1569,train1,3124,0
No. 1570,train1,3125,3
No. 1571,train1,3127,3
No. 1572,train1,3128,-3
No. 1573,train1,3129,0
No. 1574,train1,3130,-5
No. 1575,train1,3132,8
No. 1576,train1,3133,-5
No. 1577,train1,3134,-8
No. 1578,train1,3135,10
No. 1579,train1,3136,3
No. 1580,train1,3137,0
No. 1581,train1,3138,4
No. 1582,train1,3140,L
No. 1583,train1,3141,-2
No. 1584,train1,3142,0
No. 1585,train1,3144,5
No. 1586,train1,3145,3
No. 1587,train1,3146,0
No. 1588,train1,3147,-3
No. 1589,train1,3148,-5
No. 1590,train1,3149,2
No. 1591,train1,3150,2
No. 1592,train1,3151,-3
No. 1593,train1,3152,3
No. 1594,train1,3153,-7
No. 1595,train1,3154,-10
No. 1596,train1,3155,0
No. 1597,train1,3156,L
No. 1598,train1,3157,L
No. 1599,train1,3158,0
No. 1600,train1,3159,-8
No. 1601,train1,3160,-3
No. 1602,train1,3161,-8
No. 1603,train1,3162,5
No. 1604,train1,3163,23
No. 1605,train1,3164,-5
No. 1606,train1,3165,0
No. 1607,train1,3166,-3
No. 1608,train1,3167,0
No. 1609,train1,3168,-5
No. 1610,train1,3169,3
No. 1611,train1,3170,12
No. 1612,train1,3171,8
No. 1613,train1,3172,-10
No. 1614,train1,3173,5
No. 1615,train1,3174,8
No. 1616,train1,3175,5
No. 1617,train1,3176,10
No. 1618,train1,3177,8
No. 1619,train1,3178,-3
No. 1620,train1,3179,0
No. 1621,train1,3180,-2
No. 1622,train1,3181,-2
No. 1623,train1,3183,8
No. 1624,train1,3184,-2
No. 1625,train1,3185,3
No. 1626,train1,3186,-8
No. 1627,train1,3187,8
No. 1628,train1,3188,9
No. 1629,train1,3189,0
No. 1630,train1,3190,10
No. 1631,train1,3191,0
No. 1632,train1,3192,0
No. 1633,train1,3193,0
No. 1634,train1,3194,0
No. 1635,train1,3195,-5
No. 1636,train1,3196,-8
No. 1637,train1,3197,3
No. 1638,train1,3198,-4
No. 1639,train1,3200,0
No. 1640,train1,3202,-9
No. 1641,train1,3203,-5
No. 1642,train1,3205,0
No. 1643,train1,3206,0
No. 1644,train1,3207,0
No. 1645,train1,3209,0
No. 1646,train1,3210,-2
No. 1647,train1,3211,2
No. 1648,train1,3212,2
No. 1649,train1,3213,-2
No. 1650,train1,3214,-3
No. 1651,train1,3215,2
No. 1652,train1,3216,2
No. 1653,train1,3217,2
No. 1654,train1,3218,-2
No. 1655,train1,3219,L
No. 1656,train1,3220,-7
No. 1657,train1,3223,0
No. 1658,train1,3224,0
No. 1659,train1,3225,-8
No. 1660,train1,3226,-5
No. 1661,train1,3227,-6
No. 1662,train1,3229,10
No. 1663,train1,3230,-3
No. 1664,train1,3231,-5
No. 1665,train1,3232,3
No. 1666,train1,3233,0
No. 1667,train1,3234,-5
No. 1668,train1,3235,0
No. 1669,train1,3236,0
No. 1670,train1,3237,0
No. 1671,train1,3238,0
No. 1672,train1,3239,0
No. 1673,train1,3240,4
No. 1674,train1,3241,0
No. 1675,train1,3242,0
No. 1676,train1,3244,4
No. 1677,train1,3245,-3
No. 1678,train1,3246,9
No. 1679,train1,3248,0
No. 1680,train1,3249,1
No. 1681,train1,3250,3
No. 1682,train1,3251,0
No. 1683,train1,3252,0
No. 1684,train1,3253,0
No. 1685,train1,3254,0
No. 1686,train1,3255,0
No. 1687,train1,3256,8
No. 1688,train1,3257,2
No. 1689,train1,3258,0
No. 1690,train1,3259,-5
No. 1691,train1,3260,23
No. 1692,train1,3261,5
No. 1693,train1,3262,3
No. 1694,train1,3263,4
No. 1695,train1,3264,3
No. 1696,train1,3265,-7
No. 1697,train1,3266,7
No. 1698,train1,3267,9
No. 1699,train1,3268,-6
No. 1700,train1,3269,-5
No. 1701,train1,3270,-5
No. 1702,train1,3271,7
No. 1703,train1,3272,5
No. 1704,train1,3273,0
No. 1705,train1,3274,0
No. 1706,train1,3275,-6
No. 1707,train1,3277,6
No. 1708,train1,3278,-12
No. 1709,train1,3279,-2
No. 1710,train1,3280,-5
No. 1711,train1,3281,3
No. 1712,train1,3282,0
No. 1713,train1,3283,3
No. 1714,train1,3284,0
No. 1715,train1,3285,0
No. 1716,train1,3286,0
No. 1717,train1,3287,0
No. 1718,train1,3288,8
No. 1719,train1,3289,0
No. 1720,train1,3291,5
No. 1721,train1,3292,-8
No. 1722,train1,3293,0
No. 1723,train1,3294,-8
No. 1724,train1,3295,-10
No. 1725,train1,3297,0
No. 1726,train1,3299,0
No. 1727,train1,3300,5
No. 1728,train1,3301,-20
No. 1729,train1,3302,-3
No. 1730,train1,3303,3
No. 1731,train1,3304,-3
No. 1732,train1,3305,-4
No. 1733,train1,3306,7
No. 1734,train1,3307,2
No. 1735,train1,3308,0
No. 1736,train1,3309,0
No. 1737,train1,3310,5
No. 1738,train1,3311,0
No. 1739,train1,3312,8
No. 1740,train1,3313,-2
No. 1741,train1,3315,2
No. 1742,train1,3316,5
No. 1743,train1,3318,0
No. 1744,train1,3320,7
No. 1745,train1,3321,3
No. 1746,train1,3323,3
No. 1747,train1,3324,-2
No. 1748,train1,3325,L
No. 1749,train1,3327,5
No. 1750,train1,3328,10
No. 1751,train1,3329,3
No. 1752,train1,3330,-4
No. 1753,train1,3331,-2
No. 1754,train1,3332,-2
No. 1755,train1,3334,2
No. 1756,train1,3335,-1
No. 1757,train1,3337,130
No. 1758,train1,3338,11
No. 1759,train1,3339,-10
No. 1760,train1,3341,0
No. 1761,train1,3342,-3
No. 1762,train1,3343,0
No. 1763,train1,3344,2
No. 1764,train1,3345,0
No. 1765,train1,3346,10
No. 1766,train1,3347,5
No. 1767,train1,3348,0
No. 1768,train1,3349,-2
No. 1769,train1,3350,5
No. 1770,train1,3351,-3
No. 1771,train1,3352,15
No. 1772,train1,3353,-10
No. 1773,train1,3354,3
No. 1774,train1,3355,0
No. 1775,train1,3356,-5
No. 1776,train1,3357,-3
No. 1777,train1,3359,8
No. 1778,train1,3360,5
No. 1779,train1,3361,-5
No. 1780,train1,3362,-1
No. 1781,train1,3363,-1
No. 1782,train1,3364,0
No. 1783,train1,3365,0
No. 1784,train1,3366,-3
No. 1785,train1,3367,-2
No. 1786,train1,3368,0
No. 1787,train1,3369,12
No. 1788,train1,3370,7
No. 1789,train1,3371,-5
No. 1790,train1,3372,-7
No. 1791,train1,3373,0
No. 1792,train1,3374,3
No. 1793,train1,3375,5
No. 1794,train1,3376,8
No. 1795,train1,3377,0
No. 1796,train1,3378,18
No. 1797,train1,3379,3
No. 1798,train1,3380,3
No. 1799,train1,3381,0
No. 1800,train1,3382,-3
No. 1801,train1,3383,3
No. 1802,train1,3384,0
No. 1803,train1,3385,-2
No. 1804,train1,3386,-5
No. 1805,train1,3387,0
No. 1806,train1,3388,-25
No. 1807,train1,3389,0
No. 1808,train1,3390,-2
No. 1809,train1,3391,-10
No. 1810,train1,3392,0
No. 1811,train1,3393,-3
No. 1812,train1,3394,-3
No. 1813,train1,3395,-8
No. 1814,train1,3396,-5
No. 1815,train1,3397,-13
No. 1816,train1,3398,2
No. 1817,train1,3399,3
No. 1818,train1,3400,0
No. 1819,train1,3401,0
No. 1820,train1,3403,0
No. 1821,train1,3405,-5
No. 1822,train1,3406,0
No. 1823,train1,3407,-5
No. 1824,train1,3408,7
No. 1825,train1,3409,-2
No. 1826,train1,3410,0
No. 1827,train1,3411,-3
No. 1828,train1,3412,-6
No. 1829,train1,3413,0
No. 1830,train1,3414,0
No. 1831,train1,3415,-6
No. 1832,train1,3416,0
No. 1833,train1,3417,-2
No. 1834,train1,3418,4
No. 1835,train1,3419,5
No. 1836,train1,3420,-2
No. 1837,train1,3421,0
No. 1838,train1,3423,5
No. 1839,train1,3424,-2
No. 1840,train1,3425,-1
No. 1841,train1,3426,3
No. 1842,train1,3427,0
No. 1843,train1,3429,3
No. 1844,train1,3430,-3
No. 1845,train1,3431,-5
No. 1846,train1,3432,32
No. 1847,train1,3433,0
No. 1848,train1,3434,5
No. 1849,train1,3435,23
No. 1850,train1,3436,3
No. 1851,train1,3437,0
No. 1852,train1,3438,-7
No. 1853,train1,3439,8
No. 1854,train1,3441,-2
No. 1855,train1,3443,2
No. 1856,train1,3444,5
No. 1857,train1,3445,3
No. 1858,train1,3446,0
No. 1859,train1,3447,10
No. 1860,train1,3448,5
No. 1861,train1,3449,20
No. 1862,train1,3451,-3
No. 1863,train1,3453,5
No. 1864,train1,3454,-3
No. 1865,train1,3455,0
No. 1866,train1,3456,0
No. 1867,train1,3457,51
No. 1868,train1,3459,0
No. 1869,train1,3460,3
No. 1870,train1,3461,-2
No. 1871,train1,3462,0
No. 1872,train1,3463,0
No. 1873,train1,3464,37
No. 1874,train1,3465,-3
No. 1875,train1,3467,4
No. 1876,train1,3468,28
No. 1877,train1,3469,-3
No. 1878,train1,3471,2
No. 1879,train1,3473,0
No. 1880,train1,3475,-40
No. 1881,train1,3476,-25
No. 1882,train1,3477,10
No. 1883,train1,3478,5
No. 1884,train1,3479,3
No. 1885,train1,3480,-5
No. 1886,train1,3481,13
No. 1887,train1,3482,6
No. 1888,train1,3483,0
No. 1889,train1,3484,15
No. 1890,train1,3485,-3
No. 1891,train1,3486,0
No. 1892,train1,3487,-25
No. 1893,train1,3488,-2
No. 1894,train1,3490,2
No. 1895,train1,3491,23
No. 1896,train1,3492,23
No. 1897,train1,3493,3
No. 1898,train1,3494,0
No. 1899,train1,3495,2
No. 1900,train1,3497,20
No. 1901,train1,3499,3
No. 1902,train1,3501,20
No. 1903,train1,3502,-12
No. 1904,train1,3503,5
No. 1905,train1,3504,8
No. 1906,train1,3505,20
No. 1907,train1,3506,-2
No. 1908,train1,3507,-5
No. 1909,train1,3508,0
No. 1910,train1,3509,3
No. 1911,train1,3510,0
No. 1912,train1,3511,3
No. 1913,train1,3512,-2
No. 1914,train1,3513,0
No. 1915,train1,3514,8
No. 1916,train1,3515,23
No. 1917,train1,3516,6
No. 1918,train1,3517,-7
No. 1919,train1,3518,0
No. 1920,train1,3519,0
No. 1921,train1,3520,0
No. 1922,train1,3521,0
No. 1923,train1,3522,-4
No. 1924,train1,3523,0
No. 1925,train1,3524,7
No. 1926,train1,3525,7
No. 1927,train1,3526,0
No. 1928,train1,3527,-10
No. 1929,train1,3528,-25
No. 1930,train1,3529,-4
No. 1931,train1,3530,4
No. 1932,train1,3531,0
No. 1933,train1,3532,2
No. 1934,train1,3533,0
No. 1935,train1,3534,0
No. 1936,train1,3535,0
No. 1937,train1,3536,9
No. 1938,train1,3537,-2
No. 1939,train1,3539,0
No. 1940,train1,3540,5
No. 1941,train1,3541,-39
No. 1942,train1,3542,-7
No. 1943,train1,3543,-10
No. 1944,train1,3544,-10
No. 1945,train1,3545,3
No. 1946,train1,3546,0
No. 1947,train1,3547,12
No. 1948,train1,3548,42
No. 1949,train1,3549,2
No. 1950,train1,3550,0
No. 1951,train1,3551,4
No. 1952,train1,3552,0
No. 1953,train1,3553,0
No. 1954,train1,3554,2
No. 1955,train1,3555,8
No. 1956,train1,3556,3
No. 1957,train1,3557,0
No. 1958,train1,3558,0
No. 1959,train1,3559,0
No. 1960,train1,3560,-6
No. 1961,train1,3561,0
No. 1962,train1,3562,2
No. 1963,train1,3563,0
No. 1964,train1,3564,0
No. 1965,train1,3566,-3
No. 1966,train1,3567,-9
No. 1967,train1,3568,35
No. 1968,train1,3569,0
No. 1969,train1,3571,2
No. 1970,train1,3572,0
No. 1971,train1,3573,-4
No. 1972,train1,3574,-4
No. 1973,train1,3576,0
No. 1974,train1,3577,2
No. 1975,train1,3578,0
No. 1976,train1,3579,0
No. 1977,train1,3580,5
No. 1978,train1,3581,0
No. 1979,train1,3582,0
No. 1980,train1,3583,20
No. 1981,train1,3584,-9
No. 1982,train1,3585,-20
No. 1983,train1,3586,2
No. 1984,train1,3587,-10
No. 1985,train1,3588,20
No. 1986,train1,3589,-15
No. 1987,train1,3590,2
No. 1988,train1,3591,0
No. 1989,train1,3592,-2
No. 1990,train1,3593,-3
No. 1991,train1,3594,6
No. 1992,train1,3595,13
No. 1993,train1,3596,-7
No. 1994,train1,3597,0
No. 1995,train1,3598,0
No. 1996,train1,3599,-12
No. 1997,train1,3600,0
No. 1998,train1,3601,2
No. 1999,train1,3602,0
No. 2000,train1,3604,7
No. 2001,train1,3606,25
No. 2002,train1,3607,0
No. 2003,train1,3609,0
No. 2004,train1,3610,10
No. 2005,train1,3611,5
No. 2006,train1,3612,-30
No. 2007,train1,3613,0
No. 2008,train1,3614,9
No. 2009,train1,3615,10
No. 2010,train1,3616,-10
No. 2011,train1,3617,5
No. 2012,train1,3618,2
No. 2013,train1,3619,0
No. 2014,train1,3621,2
No. 2015,train1,3622,0
No. 2016,train1,3623,10
No. 2017,train1,3624,0
No. 2018,train1,3627,-2
No. 2019,train1,3628,5
No. 2020,train1,3630,-1
No. 2021,train1,3631,31
No. 2022,train1,3632,-8
No. 2023,train1,3633,13
No. 2024,train1,3634,4
No. 2025,train1,3635,4
No. 2026,train1,3636,4
No. 2027,train1,3637,2
No. 2028,train1,3638,6
No. 2029,train1,3639,-14
No. 2030,train1,3641,0
No. 2031,train1,3642,-8
No. 2032,train1,3643,1
No. 2033,train1,3644,0
No. 2034,train1,3645,14
No. 2035,train1,3646,2
No. 2036,train1,3648,2
No. 2037,train1,3649,12
No. 2038,train1,3650,-8
No. 2039,train1,3651,2
No. 2040,train1,3652,12
No. 2041,train1,3653,30
No. 2042,train1,3654,-6
No. 2043,train1,3655,-24
No. 2044,train1,3656,3
No. 2045,train1,3657,3
No. 2046,train1,3658,4
No. 2047,train1,3660,5
No. 2048,train1,3661,0
No. 2049,train1,3662,9
No. 2050,train1,3663,5
No. 2051,train1,3664,0
No. 2052,train1,3665,0
No. 2053,train1,3666,0
No. 2054,train1,3667,0
No. 2055,train1,3668,0
No. 2056,train1,3669,-5
No. 2057,train1,3670,-4
No. 2058,train1,3671,0
No. 2059,train1,3672,0
No. 2060,train1,3673,-9
No. 2061,train1,3674,5
No. 2062,train1,3675,0
No. 2063,train1,3676,0
No. 2064,train1,3677,-10
No. 2065,train1,3678,10
No. 2066,train1,3679,0
No. 2067,train1,3680,-2
No. 2068,train1,3681,-35
No. 2069,train1,3682,-8
No. 2070,train1,3684,2
No. 2071,train1,3685,0
No. 2072,train1,3686,0
No. 2073,train1,3687,2
No. 2074,train1,3688,-30
No. 2075,train1,3689,0
No. 2076,train1,3690,-9
No. 2077,train1,3691,-2
No. 2078,train1,3692,-45
No. 2079,train1,3693,7
No. 2080,train1,3694,-6
No. 2081,train1,3695,-12
No. 2082,train1,3696,0
No. 2083,train1,3697,0
No. 2084,train1,3698,3
No. 2085,train1,3700,5
No. 2086,train1,3701,-2
No. 2087,train1,3702,0
No. 2088,train1,3703,0
No. 2089,train1,3704,0
No. 2090,train1,3705,-12
No. 2091,train1,3706,-10
No. 2092,train1,3707,-20
No. 2093,train1,3708,2
No. 2094,train1,3709,-28
No. 2095,train1,3710,0
No. 2096,train1,3711,0
No. 2097,train1,3712,5
No. 2098,train1,3713,5
No. 2099,train1,3714,0
No. 2100,train1,3715,0
No. 2101,train1,3716,-6
No. 2102,train1,3717,0
No. 2103,train1,3718,3
No. 2104,train1,3719,3
No. 2105,train1,3720,0
No. 2106,train1,3721,0
No. 2107,train1,3722,-14
No. 2108,train1,3723,0
No. 2109,train1,3724,8
No. 2110,train1,3725,0
No. 2111,train1,3726,-12
No. 2112,train1,3728,2
No. 2113,train1,3729,-4
No. 2114,train1,3730,10
No. 2115,train1,3731,2
No. 2116,train1,3732,1
No. 2117,train1,3734,8
No. 2118,train1,3735,11
No. 2119,train1,3736,0
No. 2120,train1,3737,-3
No. 2121,train1,3738,0
No. 2122,train1,3739,7
No. 2123,train1,3740,0
No. 2124,train1,3741,0
No. 2125,train1,3742,-4
No. 2126,train1,3743,-4
No. 2127,train1,3744,0
No. 2128,train1,3745,-2
No. 2129,train1,3746,4
No. 2130,train1,3747,0
No. 2131,train1,3748,3
No. 2132,train1,3749,0
No. 2133,train1,3750,2
No. 2134,train1,3751,0
No. 2135,train1,3752,0
No. 2136,train1,3753,0
No. 2137,train1,3754,-12
No. 2138,train1,3755,-14
No. 2139,train1,3756,-20
No. 2140,train1,3757,0
No. 2141,train1,3758,2
No. 2142,train1,3759,16
No. 2143,train1,3760,-3
No. 2144,train1,3763,5
No. 2145,train1,3764,-1
No. 2146,train1,3765,0
No. 2147,train1,3766,8
No. 2148,train1,3767,-5
No. 2149,train1,3768,43
No. 2150,train1,3770,0
No. 2151,train1,3771,0
No. 2152,train1,3772,-12
No. 2153,train1,3773,0
No. 2154,train1,3775,0
No. 2155,train1,3776,-16
No. 2156,train1,3777,-3
No. 2157,train1,3778,0
No. 2158,train1,3779,3
No. 2159,train1,3780,0
No. 2160,train1,3781,L
No. 2161,train1,3782,0
No. 2162,train1,3783,-4
No. 2163,train1,3784,-3
No. 2164,train1,3785,0
No. 2165,train1,3786,0
No. 2166,train1,3787,-5
No. 2167,train1,3788,2
No. 2168,train1,3789,-14
No. 2169,train1,3790,0
No. 2170,train1,3791,0
No. 2171,train1,3792,-6
No. 2172,train1,3793,-25
No. 2173,train1,3794,-1
No. 2174,train1,3796,0
No. 2175,train1,3797,0
No. 2176,train1,3798,-17
No. 2177,train1,3799,0
No. 2178,train1,3800,-8
No. 2179,train1,3801,0
No. 2180,train1,3802,0
No. 2181,train1,3803,0
No. 2182,train1,3804,0
No. 2183,train1,3805,14
No. 2184,train1,3806,L
No. 2185,train1,3807,0
No. 2186,train1,3808,-3
No. 2187,train1,3809,5
No. 2188,train1,3810,-14
No. 2189,train1,3811,8
No. 2190,train1,3812,-20
No. 2191,train1,3813,0
No. 2192,train1,3815,0
No. 2193,train1,3816,12
No. 2194,train1,3817,3
No. 2195,train1,3818,0
No. 2196,train1,3819,3
No. 2197,train1,3820,-3
No. 2198,train1,3821,3
No. 2199,train1,3822,0
No. 2200,train1,3823,L
No. 2201,train1,3824,0
No. 2202,train1,3825,-23
No. 2203,train1,3826,2
No. 2204,train1,3827,23
No. 2205,train1,3828,-20
No. 2206,train1,3829,0
No. 2207,train1,3830,0
No. 2208,train1,3831,0
No. 2209,train1,3832,0
No. 2210,train1,3833,0
No. 2211,train1,3835,0
No. 2212,train1,3836,0
No. 2213,train1,3837,4
No. 2214,train1,3838,7
No. 2215,train1,3839,1
No. 2216,train1,3840,7
No. 2217,train1,3843,8
No. 2218,train1,3844,0
No. 2219,train1,3845,0
No. 2220,train1,3846,0
No. 2221,train1,3847,0
No. 2222,train1,3848,0
No. 2223,train1,3849,0
No. 2224,train1,3850,0
No. 2225,train1,3851,0
No. 2226,train1,3854,3
No. 2227,train1,3855,-10
No. 2228,train1,3856,3
No. 2229,train1,3858,10
No. 2230,train1,3859,2
No. 2231,train1,3860,0
No. 2232,train1,3861,0
No. 2233,train1,3863,6
No. 2234,train1,3864,3
No. 2235,train1,3865,0
No. 2236,train1,3866,0
No. 2237,train1,3867,4
No. 2238,train1,3870,0
No. 2239,train1,3871,-5
No. 2240,train1,3872,-5
No. 2241,train1,3873,3
No. 2242,train1,3874,0
No. 2243,train1,3875,0
No. 2244,train1,3876,5
No. 2245,train1,3877,0
No. 2246,train1,3878,-24
No. 2247,train1,3880,L
No. 2248,train1,3881,5
No. 2249,train1,3882,-9
No. 2250,train1,3883,L
No. 2251,train1,3884,L
No. 2252,train1,3885,L
No. 2253,train1,3886,-10
No. 2254,train1,3887,-6
No. 2255,train1,3888,0
No. 2256,train1,3889,0
No. 2257,train1,3890,0
No. 2258,train1,3891,-6
No. 2259,train1,3892,0
No. 2260,train1,3893,-24
No. 2261,train1,3894,4
No. 2262,train1,3896,0
No. 2263,train1,3897,29
No. 2264,train1,3898,-12
No. 2265,train1,3899,L
No. 2266,train1,3900,0
No. 2267,train1,3901,4
No. 2268,train1,3902,0
No. 2269,train1,3903,L
No. 2270,train1,3904,-14
No. 2271,train1,3905,L
No. 2272,train1,3906,-6
No. 2273,train1,3907,0
No. 2274,train1,3908,-17
No. 2275,train1,3909,0
No. 2276,train1,3910,3
No. 2277,train1,3911,-15
No. 2278,train1,3912,7
No. 2279,train1,3913,4
No. 2280,train1,3914,0
No. 2281,train1,3915,3
No. 2282,train1,3916,3
No. 2283,train1,3917,0
No. 2284,train1,3918,4
No. 2285,train1,3919,L
No. 2286,train1,3920,0
No. 2287,train1,3921,12
No. 2288,train1,3922,2
No. 2289,train1,3923,0
No. 2290,train1,3924,0
No. 2291,train1,3925,0
No. 2292,train1,3926,0
No. 2293,train1,3927,-10
No. 2294,train1,3928,25
No. 2295,train1,3929,-7
No. 2296,train1,3930,0
No. 2297,train1,3931,L
No. 2298,train1,3933,0
No. 2299,train1,3934,0
No. 2300,train1,3935,-25
No. 2301,train1,3936,0
No. 2302,train1,3937,-3
No. 2303,train1,3938,0
No. 2304,train1,3939,10
No. 2305,train1,3940,0
No. 2306,train1,3941,0
No. 2307,train1,3942,3
No. 2308,train1,3943,-2
No. 2309,train1,3945,-2
No. 2310,train1,3946,-7
No. 2311,train1,3949,-12
No. 2312,train1,3950,2
No. 2313,train1,3951,-12
No. 2314,train1,3952,0
No. 2315,train1,3953,-9
No. 2316,train1,3955,0
No. 2317,train1,3956,0
No. 2318,train1,3957,2
No. 2319,train1,3958,0
No. 2320,train1,3959,15
No. 2321,train1,3960,3
No. 2322,train1,3961,3
No. 2323,train1,3962,-12
No. 2324,train1,3963,0
No. 2325,train1,3964,L
No. 2326,train1,3966,-6
No. 2327,train1,3967,-3
No. 2328,train1,3968,-10
No. 2329,train1,3969,-7
No. 2330,train1,3970,-10
No. 2331,train1,3971,5
No. 2332,train1,3972,-9
No. 2333,train1,3973,-10
No. 2334,train1,3974,2
No. 2335,train1,3975,2
No. 2336,train1,3976,0
No. 2337,train1,3977,5
No. 2338,train1,3978,1
No. 2339,train1,3979,0
No. 2340,train1,3980,0
No. 2341,train1,3981,0
No. 2342,train1,3983,-5
No. 2343,train1,3984,0
No. 2344,train1,3985,2
No. 2345,train1,3986,0
No. 2346,train1,3987,6
No. 2347,train1,3988,0
No. 2348,train1,3989,4
No. 2349,train1,3990,-4
No. 2350,train1,3991,2
No. 2351,train1,3992,8
No. 2352,train1,3993,0
No. 2353,train1,3994,0
No. 2354,train1,3995,-5
No. 2355,train1,3996,0
No. 2356,train1,3997,-2
No. 2357,train1,3998,L
No. 2358,train1,3999,L
No. 2359,train1,4000,0
No. 2360,train1,4001,2
No. 2361,train1,4002,0
No. 2362,train1,4003,8
No. 2363,train1,4004,L
No. 2364,train1,4005,4
No. 2365,train1,4007,25
No. 2366,train1,4008,0
No. 2367,train1,4010,0
No. 2368,train1,4011,2
No. 2369,train1,4012,2
No. 2370,train1,4013,-1
No. 2371,train1,4014,9
No. 2372,train1,4015,1
No. 2373,train1,4016,0
No. 2374,train1,4017,L
No. 2375,train1,4018,7
No. 2376,train1,4019,2
No. 2377,train1,4020,0
No. 2378,train1,4021,-2
No. 2379,train1,4023,0
No. 2380,train1,4024,3
No. 2381,train1,4026,3
No. 2382,train1,4027,0
No. 2383,train1,4028,0
No. 2384,train1,4029,-4
No. 2385,train1,4030,0
No. 2386,train1,4031,12
No. 2387,train1,4032,-7
No. 2388,train1,4033,7
No. 2389,train1,4034,-4
No. 2390,train1,4035,-3
No. 2391,train1,4036,-3
No. 2392,train1,4037,2
No. 2393,train1,4038,2
No. 2394,train1,4040,2
No. 2395,train1,4041,0
No. 2396,train1,4042,0
No. 2397,train1,4043,0
No. 2398,train1,4044,-1
No. 2399,train1,4045,4
No. 2400,train1,4046,5
No. 2401,train1,4047,-2
No. 2402,train1,4048,0
No. 2403,train1,4049,-24
No. 2404,train1,4050,4
No. 2405,train1,4052,-1
No. 2406,train1,4053,4
No. 2407,train1,4054,2
No. 2408,train1,4055,0
No. 2409,train1,4056,-1
No. 2410,train1,4057,0
No. 2411,train1,4058,3
No. 2412,train1,4059,15
No. 2413,train1,4060,-25
No. 2414,train1,4062,-2
No. 2415,train1,4063,0
No. 2416,train1,4064,0
No. 2417,train1,4065,5
No. 2418,train1,4066,-6
No. 2419,train1,4067,L
No. 2420,train1,4068,7
No. 2421,train1,4069,2
No. 2422,train1,4071,0
No. 2423,train1,4072,L
No. 2424,train1,4073,2
No. 2425,train1,4074,0
No. 2426,train1,4075,0
No. 2427,train1,4076,0
No. 2428,train1,4077,7
No. 2429,train1,4078,-3
No. 2430,train1,4079,1
No. 2431,train1,4080,3
No. 2432,train1,4081,0
No. 2433,train1,4082,2
No. 2434,train1,4083,1
No. 2435,train1,4084,-8
No. 2436,train1,4085,-8
No. 2437,train1,4087,-10
No. 2438,train1,4089,7
No. 2439,train1,4090,-7
No. 2440,train1,4091,2
No. 2441,train1,4092,4
No. 2442,train1,4093,0
No. 2443,train1,4094,0
No. 2444,train1,4096,3
No. 2445,train1,4097,-4
No. 2446,train1,4098,8
No. 2447,train1,4099,0
No. 2448,train1,4100,0
No. 2449,train1,4101,0
No. 2450,train1,4102,12
No. 2451,train1,4103,0
No. 2452,train1,4104,0
No. 2453,train1,4105,0
No. 2454,train1,4106,0
No. 2455,train1,4107,-5
No. 2456,train1,4108,4
No. 2457,train1,4109,0
No. 2458,train1,4110,-8
No. 2459,train1,4111,-10
No. 2460,train1,4112,-23
No. 2461,train1,4113,0
No. 2462,train1,4114,7
No. 2463,train1,4115,-9
No. 2464,train1,4116,2
No. 2465,train1,4117,12
No. 2466,train1,4118,3
No. 2467,train1,4120,0
No. 2468,train1,4121,-4
No. 2469,train1,4122,0
No. 2470,train1,4123,3
No. 2471,train1,4124,3
No. 2472,train1,4126,L
No. 2473,train1,4128,L
No. 2474,train1,4129,-10
No. 2475,train1,4130,4
No. 2476,train1,4131,15
No. 2477,train1,4132,0
No. 2478,train1,4133,0
No. 2479,train1,4134,4
No. 2480,train1,4135,0
No. 2481,train1,4136,5
No. 2482,train1,4137,-8
No. 2483,train1,4138,11
No. 2484,train1,4139,0
No. 2485,train1,4140,2
No. 2486,train1,4141,0
No. 2487,train1,4142,-14
No. 2488,train1,4143,-12
No. 2489,train1,4144,3
No. 2490,train1,4145,0
No. 2491,train1,4146,4
No. 2492,train1,4147,4
No. 2493,train1,4148,0
No. 2494,train1,4149,0
No. 2495,train1,4150,-10
No. 2496,train1,4151,-18
No. 2497,train1,4152,-11
No. 2498,train1,4153,0
No. 2499,train1,4154,0
No. 2500,train1,4155,-28
No. 2501,train1,4157,0