"STT","Folder","ID","Tay T (trai)/P (phai)/2 (ca 2 tay)"
"No. 1","train1","1377","T"
"No. 2","train1","1378","T"
"No. 3","train1","1379","T"
"No. 4","train1","1380","T"
"No. 5","train1","1381","T"
"No. 6","train1","1382","T"
"No. 7","train1","1383","T"
"No. 8","train1","1384","T"
"No. 9","train1","1385","P"
"No. 10","train1","1387","T"
"No. 11","train1","1388","T"
"No. 12","train1","1389","T"
"No. 13","train1","1390","T"
"No. 14","train1","1391","T"
"No. 15","train1","1393","T"
"No. 16","train1","1394","T"
"No. 17","train1","1395","T"
"No. 18","train1","1396","T"
"No. 19","train1","1398","P"
"No. 20","train1","1399","T"
"No. 21","train1","1400","T"
"No. 22","train1","1402","T"
"No. 23","train1","1403","T"
"No. 24","train1","1404","T"
"No. 25","train1","1405","P"
"No. 26","train1","1406","P"
"No. 27","train1","1407","T"
"No. 28","train1","1408","T"
"No. 29","train1","1409","T"
"No. 30","train1","1411","T"
"No. 31","train1","1412","T"
"No. 32","train1","1414","T"
"No. 33","train1","1415","P"
"No. 34","train1","1416","T"
"No. 35","train1","1417","T"
"No. 36","train1","1418","P"
"No. 37","train1","1419","T"
"No. 38","train1","1420","T"
"No. 39","train1","1422","T"
"No. 40","train1","1423","T"
"No. 41","train1","1424","T"
"No. 42","train1","1425","T"
"No. 43","train1","1426","T"
"No. 44","train1","1427","T"
"No. 45","train1","1428","T"
"No. 46","train1","1429","T"
"No. 47","train1","1430","2"
"No. 48","train1","1431","T"
"No. 49","train1","1432","P"
"No. 50","train1","1433","T"
"No. 51","train1","1434","T"
"No. 52","train1","1435","T"
"No. 53","train1","1436","T"
"No. 54","train1","1437","T"
"No. 55","train1","1438","T"
"No. 56","train1","1439","T"
"No. 57","train1","1440","T"
"No. 58","train1","1441","T"
"No. 59","train1","1442","T"
"No. 60","train1","1443","T"
"No. 61","train1","1444","P"
"No. 62","train1","1445","T"
"No. 63","train1","1446","P"
"No. 64","train1","1447","P"
"No. 65","train1","1448","P"
"No. 66","train1","1451","P"
"No. 67","train1","1452","T"
"No. 68","train1","1453","T"
"No. 69","train1","1454","T"
"No. 70","train1","1455","T"
"No. 71","train1","1457","T"
"No. 72","train1","1458","T"
"No. 73","train1","1459","P"
"No. 74","train1","1460","T"
"No. 75","train1","1461","T"
"No. 76","train1","1462","T"
"No. 77","train1","1463","T"
"No. 78","train1","1464","T"
"No. 79","train1","1466","T"
"No. 80","train1","1467","T"
"No. 81","train1","1468","T"
"No. 82","train1","1469","T"
"No. 83","train1","1470","T"
"No. 84","train1","1471","T"
"No. 85","train1","1472","T"
"No. 86","train1","1473","T"
"No. 87","train1","1474","T"
"No. 88","train1","1475","T"
"No. 89","train1","1476","T"
"No. 90","train1","1477","T"
"No. 91","train1","1478","T"
"No. 92","train1","1479","T"
"No. 93","train1","1480","T"
"No. 94","train1","1481","P"
"No. 95","train1","1482","T"
"No. 96","train1","1483","T"
"No. 97","train1","1484","T"
"No. 98","train1","1485","T"
"No. 99","train1","1486","T"
"No. 100","train1","1487","T"
"No. 101","train1","1488","P"
"No. 102","train1","1489","T"
"No. 103","train1","1491","T"
"No. 104","train1","1492","T"
"No. 105","train1","1493","T"
"No. 106","train1","1494","T"
"No. 107","train1","1495","T"
"No. 108","train1","1496","T"
"No. 109","train1","1497","T"
"No. 110","train1","1498","T"
"No. 111","train1","1499","T"
"No. 112","train1","1500","T"
"No. 113","train1","1501","T"
"No. 114","train1","1502","T"
"No. 115","train1","1503","T"
"No. 116","train1","1504","T"
"No. 117","train1","1505","T"
"No. 118","train1","1507","P"
"No. 119","train1","1508","T"
"No. 120","train1","1509","T"
"No. 121","train1","1511","T"
"No. 122","train1","1512","T"
"No. 123","train1","1513","T"
"No. 124","train1","1514","T"
"No. 125","train1","1515","T"
"No. 126","train1","1516","T"
"No. 127","train1","1517","T"
"No. 128","train1","1518","T"
"No. 129","train1","1519","P"
"No. 130","train1","1520","T"
"No. 131","train1","1521","P"
"No. 132","train1","1522","T"
"No. 133","train1","1523","T"
"No. 134","train1","1524","T"
"No. 135","train1","1525","T"
"No. 136","train1","1526","T"
"No. 137","train1","1527","T"
"No. 138","train1","1529","T"
"No. 139","train1","1530","T"
"No. 140","train1","1531","T"
"No. 141","train1","1533","T"
"No. 142","train1","1534","T"
"No. 143","train1","1535","T"
"No. 144","train1","1536","T"
"No. 145","train1","1538","T"
"No. 146","train1","1540","T"
"No. 147","train1","1541","T"
"No. 148","train1","1542","T"
"No. 149","train1","1543","T"
"No. 150","train1","1544","T"
"No. 151","train1","1545","T"
"No. 152","train1","1546","T"
"No. 153","train1","1547","T"
"No. 154","train1","1548","T"
"No. 155","train1","1549","T"
"No. 156","train1","1550","T"
"No. 157","train1","1551","T"
"No. 158","train1","1553","T"
"No. 159","train1","1554","T"
"No. 160","train1","1555","T"
"No. 161","train1","1556","T"
"No. 162","train1","1557","T"
"No. 163","train1","1558","T"
"No. 164","train1","1559","T"
"No. 165","train1","1560","T"
"No. 166","train1","1562","T"
"No. 167","train1","1563","T"
"No. 168","train1","1565","T"
"No. 169","train1","1566","T"
"No. 170","train1","1567","T"
"No. 171","train1","1568","T"
"No. 172","train1","1570","T"
"No. 173","train1","1571","T"
"No. 174","train1","1572","T"
"No. 175","train1","1574","T"
"No. 176","train1","1575","T"
"No. 177","train1","1576","T"
"No. 178","train1","1577","T"
"No. 179","train1","1578","T"
"No. 180","train1","1580","T"
"No. 181","train1","1581","T"
"No. 182","train1","1582","T"
"No. 183","train1","1584","T"
"No. 184","train1","1585","T"
"No. 185","train1","1586","T"
"No. 186","train1","1587","T"
"No. 187","train1","1588","T"
"No. 188","train1","1589","T"
"No. 189","train1","1590","T"
"No. 190","train1","1591","T"
"No. 191","train1","1592","T"
"No. 192","train1","1593","T"
"No. 193","train1","1594","T"
"No. 194","train1","1595","T"
"No. 195","train1","1596","T"
"No. 196","train1","1597","T"
"No. 197","train1","1598","T"
"No. 198","train1","1599","T"
"No. 199","train1","1600","T"
"No. 200","train1","1601","T"
"No. 201","train1","1602","T"
"No. 202","train1","1604","T"
"No. 203","train1","1605","T"
"No. 204","train1","1606","T"
"No. 205","train1","1607","T"
"No. 206","train1","1608","T"
"No. 207","train1","1609","T"
"No. 208","train1","1610","T"
"No. 209","train1","1612","T"
"No. 210","train1","1613","T"
"No. 211","train1","1614","T"
"No. 212","train1","1615","T"
"No. 213","train1","1616","T"
"No. 214","train1","1617","T"
"No. 215","train1","1618","T"
"No. 216","train1","1619","T"
"No. 217","train1","1620","T"
"No. 218","train1","1621","T"
"No. 219","train1","1623","T"
"No. 220","train1","1624","T"
"No. 221","train1","1625","T"
"No. 222","train1","1626","T"
"No. 223","train1","1627","T"
"No. 224","train1","1628","T"
"No. 225","train1","1629","T"
"No. 226","train1","1630","T"
"No. 227","train1","1631","T"
"No. 228","train1","1632","T"
"No. 229","train1","1634","T"
"No. 230","train1","1635","T"
"No. 231","train1","1636","T"
"No. 232","train1","1637","T"
"No. 233","train1","1638","T"
"No. 234","train1","1639","T"
"No. 235","train1","1640","T"
"No. 236","train1","1641","T"
"No. 237","train1","1642","T"
"No. 238","train1","1643","T"
"No. 239","train1","1644","T"
"No. 240","train1","1645","T"
"No. 241","train1","1646","T"
"No. 242","train1","1647","T"
"No. 243","train1","1648","T"
"No. 244","train1","1649","T"
"No. 245","train1","1650","T"
"No. 246","train1","1651","T"
"No. 247","train1","1652","T"
"No. 248","train1","1653","T"
"No. 249","train1","1654","T"
"No. 250","train1","1656","T"
"No. 251","train1","1658","T"
"No. 252","train1","1659","T"
"No. 253","train1","1660","T"
"No. 254","train1","1661","T"
"No. 255","train1","1662","T"
"No. 256","train1","1663","T"
"No. 257","train1","1664","T"
"No. 258","train1","1665","T"
"No. 259","train1","1666","T"
"No. 260","train1","1667","T"
"No. 261","train1","1668","T"
"No. 262","train1","1669","T"
"No. 263","train1","1670","T"
"No. 264","train1","1671","T"
"No. 265","train1","1672","T"
"No. 266","train1","1673","T"
"No. 267","train1","1674","T"
"No. 268","train1","1675","T"
"No. 269","train1","1677","T"
"No. 270","train1","1678","T"
"No. 271","train1","1679","T"
"No. 272","train1","1680","T"
"No. 273","train1","1681","T"
"No. 274","train1","1682","T"
"No. 275","train1","1683","T"
"No. 276","train1","1684","T"
"No. 277","train1","1685","T"
"No. 278","train1","1686","T"
"No. 279","train1","1688","T"
"No. 280","train1","1689","T"
"No. 281","train1","1690","T"
"No. 282","train1","1691","T"
"No. 283","train1","1692","T"
"No. 284","train1","1694","T"
"No. 285","train1","1695","T"
"No. 286","train1","1696","T"
"No. 287","train1","1697","T"
"No. 288","train1","1698","T"
"No. 289","train1","1699","T"
"No. 290","train1","1700","T"
"No. 291","train1","1701","T"
"No. 292","train1","1702","T"
"No. 293","train1","1703","T"
"No. 294","train1","1704","T"
"No. 295","train1","1705","T"
"No. 296","train1","1706","T"
"No. 297","train1","1707","P"
"No. 298","train1","1708","T"
"No. 299","train1","1709","T"
"No. 300","train1","1710","T"
"No. 301","train1","1711","T"
"No. 302","train1","1712","T"
"No. 303","train1","1713","T"
"No. 304","train1","1714","T"
"No. 305","train1","1715","T"
"No. 306","train1","1716","T"
"No. 307","train1","1717","T"
"No. 308","train1","1718","T"
"No. 309","train1","1719","T"
"No. 310","train1","1720","T"
"No. 311","train1","1721","T"
"No. 312","train1","1722","T"
"No. 313","train1","1723","T"
"No. 314","train1","1724","T"
"No. 315","train1","1725","T"
"No. 316","train1","1726","T"
"No. 317","train1","1727","T"
"No. 318","train1","1728","T"
"No. 319","train1","1729","T"
"No. 320","train1","1730","T"
"No. 321","train1","1732","T"
"No. 322","train1","1733","T"
"No. 323","train1","1734","T"
"No. 324","train1","1736","T"
"No. 325","train1","1737","T"
"No. 326","train1","1738","T"
"No. 327","train1","1739","T"
"No. 328","train1","1741","T"
"No. 329","train1","1742","T"
"No. 330","train1","1743","T"
"No. 331","train1","1744","T"
"No. 332","train1","1745","T"
"No. 333","train1","1746","T"
"No. 334","train1","1747","T"
"No. 335","train1","1748","T"
"No. 336","train1","1750","T"
"No. 337","train1","1751","T"
"No. 338","train1","1752","T"
"No. 339","train1","1753","T"
"No. 340","train1","1754","T"
"No. 341","train1","1755","T"
"No. 342","train1","1756","T"
"No. 343","train1","1757","T"
"No. 344","train1","1758","T"
"No. 345","train1","1759","T"
"No. 346","train1","1761","T"
"No. 347","train1","1762","T"
"No. 348","train1","1763","T"
"No. 349","train1","1764","T"
"No. 350","train1","1765","T"
"No. 351","train1","1766","T"
"No. 352","train1","1767","T"
"No. 353","train1","1768","T"
"No. 354","train1","1771","T"
"No. 355","train1","1772","T"
"No. 356","train1","1775","T"
"No. 357","train1","1776","T"
"No. 358","train1","1777","T"
"No. 359","train1","1778","T"
"No. 360","train1","1779","L"
"No. 361","train1","1780","T"
"No. 362","train1","1781","T"
"No. 363","train1","1782","T"
"No. 364","train1","1783","T"
"No. 365","train1","1784","T"
"No. 366","train1","1785","T"
"No. 367","train1","1786","T"
"No. 368","train1","1787","T"
"No. 369","train1","1789","T"
"No. 370","train1","1790","T"
"No. 371","train1","1791","T"
"No. 372","train1","1792","T"
"No. 373","train1","1793","T"
"No. 374","train1","1794","T"
"No. 375","train1","1796","T"
"No. 376","train1","1797","T"
"No. 377","train1","1798","T"
"No. 378","train1","1799","T"
"No. 379","train1","1800","T"
"No. 380","train1","1801","T"
"No. 381","train1","1802","T"
"No. 382","train1","1803","T"
"No. 383","train1","1804","T"
"No. 384","train1","1806","T"
"No. 385","train1","1807","T"
"No. 386","train1","1808","T"
"No. 387","train1","1810","T"
"No. 388","train1","1811","T"
"No. 389","train1","1812","T"
"No. 390","train1","1813","T"
"No. 391","train1","1814","T"
"No. 392","train1","1815","T"
"No. 393","train1","1816","T"
"No. 394","train1","1817","T"
"No. 395","train1","1818","T"
"No. 396","train1","1819","T"
"No. 397","train1","1820","T"
"No. 398","train1","1821","T"
"No. 399","train1","1823","T"
"No. 400","train1","1825","T"
"No. 401","train1","1826","T"
"No. 402","train1","1827","T"
"No. 403","train1","1828","T"
"No. 404","train1","1829","T"
"No. 405","train1","1830","T"
"No. 406","train1","1831","T"
"No. 407","train1","1832","T"
"No. 408","train1","1833","P"
"No. 409","train1","1834","T"
"No. 410","train1","1835","T"
"No. 411","train1","1837","T"
"No. 412","train1","1838","T"
"No. 413","train1","1839","T"
"No. 414","train1","1840","T"
"No. 415","train1","1841","T"
"No. 416","train1","1843","T"
"No. 417","train1","1844","T"
"No. 418","train1","1845","T"
"No. 419","train1","1846","T"
"No. 420","train1","1848","T"
"No. 421","train1","1849","T"
"No. 422","train1","1850","T"
"No. 423","train1","1851","T"
"No. 424","train1","1852","T"
"No. 425","train1","1853","T"
"No. 426","train1","1854","T"
"No. 427","train1","1855","T"
"No. 428","train1","1856","T"
"No. 429","train1","1857","T"
"No. 430","train1","1858","T"
"No. 431","train1","1860","T"
"No. 432","train1","1863","T"
"No. 433","train1","1864","T"
"No. 434","train1","1865","T"
"No. 435","train1","1866","T"
"No. 436","train1","1867","T"
"No. 437","train1","1868","T"
"No. 438","train1","1869","T"
"No. 439","train1","1870","T"
"No. 440","train1","1871","T"
"No. 441","train1","1872","T"
"No. 442","train1","1873","T"
"No. 443","train1","1874","T"
"No. 444","train1","1876","T"
"No. 445","train1","1877","T"
"No. 446","train1","1878","T"
"No. 447","train1","1879","P"
"No. 448","train1","1880","P"
"No. 449","train1","1883","T"
"No. 450","train1","1884","T"
"No. 451","train1","1885","T"
"No. 452","train1","1886","T"
"No. 453","train1","1887","T"
"No. 454","train1","1888","T"
"No. 455","train1","1889","P"
"No. 456","train1","1891","P"
"No. 457","train1","1892","T"
"No. 458","train1","1893","T"
"No. 459","train1","1894","T"
"No. 460","train1","1895","T"
"No. 461","train1","1896","P"
"No. 462","train1","1897","P"
"No. 463","train1","1898","T"
"No. 464","train1","1899","T"
"No. 465","train1","1901","T"
"No. 466","train1","1902","T"
"No. 467","train1","1903","T"
"No. 468","train1","1904","T"
"No. 469","train1","1905","T"
"No. 470","train1","1906","T"
"No. 471","train1","1907","T"
"No. 472","train1","1909","T"
"No. 473","train1","1910","T"
"No. 474","train1","1911","T"
"No. 475","train1","1912","T"
"No. 476","train1","1913","T"
"No. 477","train1","1915","P"
"No. 478","train1","1916","T"
"No. 479","train1","1917","T"
"No. 480","train1","1918","T"
"No. 481","train1","1919","T"
"No. 482","train1","1920","T"
"No. 483","train1","1921","T"
"No. 484","train1","1922","T"
"No. 485","train1","1923","T"
"No. 486","train1","1925","T"
"No. 487","train1","1926","T"
"No. 488","train1","1927","P"
"No. 489","train1","1928","T"
"No. 490","train1","1929","T"
"No. 491","train1","1931","T"
"No. 492","train1","1932","T"
"No. 493","train1","1933","T"
"No. 494","train1","1934","T"
"No. 495","train1","1935","T"
"No. 496","train1","1936","T"
"No. 497","train1","1937","T"
"No. 498","train1","1938","T"
"No. 499","train1","1939","T"
"No. 500","train1","1940","T"
No. 501,train1,1941,T
No. 502,train1,1942,T
No. 503,train1,1943,T
No. 504,train1,1944,T
No. 505,train1,1945,T
No. 506,train1,1947,T
No. 507,train1,1948,T
No. 508,train1,1949,T
No. 509,train1,1951,T
No. 510,train1,1952,T
No. 511,train1,1953,T
No. 512,train1,1954,T
No. 513,train1,1955,T
No. 514,train1,1956,T
No. 515,train1,1957,T
No. 516,train1,1958,T
No. 517,train1,1959,T
No. 518,train1,1961,T
No. 519,train1,1962,T
No. 520,train1,1963,T
No. 521,train1,1964,T
No. 522,train1,1965,T
No. 523,train1,1966,T
No. 524,train1,1967,T
No. 525,train1,1968,T
No. 526,train1,1969,T
No. 527,train1,1971,T
No. 528,train1,1972,T
No. 529,train1,1973,T
No. 530,train1,1974,T
No. 531,train1,1976,T
No. 532,train1,1977,T
No. 533,train1,1978,T
No. 534,train1,1979,T
No. 535,train1,1980,T
No. 536,train1,1982,T
No. 537,train1,1983,T
No. 538,train1,1984,T
No. 539,train1,1985,T
No. 540,train1,1986,T
No. 541,train1,1987,T
No. 542,train1,1988,T
No. 543,train1,1989,T
No. 544,train1,1990,T
No. 545,train1,1992,T
No. 546,train1,1993,T
No. 547,train1,1994,T
No. 548,train1,1995,T
No. 549,train1,1996,T
No. 550,train1,1997,T
No. 551,train1,1998,T
No. 552,train1,1999,T
No. 553,train1,2000,T
No. 554,train1,2001,T
No. 555,train1,2002,T
No. 556,train1,2003,T
No. 557,train1,2004,T
No. 558,train1,2005,T
No. 559,train1,2006,T
No. 560,train1,2007,T
No. 561,train1,2008,T
No. 562,train1,2009,T
No. 563,train1,2010,T
No. 564,train1,2011,T
No. 565,train1,2012,P
No. 566,train1,2013,T
No. 567,train1,2014,T
No. 568,train1,2015,T
No. 569,train1,2017,T
No. 570,train1,2020,T
No. 571,train1,2021,T
No. 572,train1,2022,T
No. 573,train1,2023,T
No. 574,train1,2024,T
No. 575,train1,2025,T
No. 576,train1,2026,T
No. 577,train1,2027,T
No. 578,train1,2028,T
No. 579,train1,2029,T
No. 580,train1,2030,T
No. 581,train1,2031,T
No. 582,train1,2032,T
No. 583,train1,2033,T
No. 584,train1,2034,T
No. 585,train1,2035,T
No. 586,train1,2037,T
No. 587,train1,2038,T
No. 588,train1,2039,T
No. 589,train1,2040,T
No. 590,train1,2041,T
No. 591,train1,2042,T
No. 592,train1,2043,T
No. 593,train1,2044,T
No. 594,train1,2045,T
No. 595,train1,2046,T
No. 596,train1,2048,T
No. 597,train1,2049,T
No. 598,train1,2050,T
No. 599,train1,2051,T
No. 600,train1,2052,T
No. 601,train1,2053,P
No. 602,train1,2055,T
No. 603,train1,2056,T
No. 604,train1,2057,T
No. 605,train1,2058,P
No. 606,train1,2059,T
No. 607,train1,2060,T
No. 608,train1,2061,T
No. 609,train1,2062,T
No. 610,train1,2063,T
No. 611,train1,2065,T
No. 612,train1,2066,T
No. 613,train1,2067,P
No. 614,train1,2069,T
No. 615,train1,2070,T
No. 616,train1,2071,T
No. 617,train1,2072,T
No. 618,train1,2073,T
No. 619,train1,2074,T
No. 620,train1,2075,T
No. 621,train1,2076,P
No. 622,train1,2077,P
No. 623,train1,2078,T
No. 624,train1,2079,T
No. 625,train1,2080,T
No. 626,train1,2081,T
No. 627,train1,2082,T
No. 628,train1,2083,T
No. 629,train1,2084,P
No. 630,train1,2085,T
No. 631,train1,2086,T
No. 632,train1,2087,T
No. 633,train1,2088,T
No. 634,train1,2089,T
No. 635,train1,2091,T
No. 636,train1,2092,T
No. 637,train1,2093,T
No. 638,train1,2094,T
No. 639,train1,2095,T
No. 640,train1,2096,T
No. 641,train1,2097,T
No. 642,train1,2098,T
No. 643,train1,2099,T
No. 644,train1,2100,T
No. 645,train1,2101,T
No. 646,train1,2102,T
No. 647,train1,2103,T
No. 648,train1,2104,T
No. 649,train1,2105,T
No. 650,train1,2106,T
No. 651,train1,2107,T
No. 652,train1,2108,T
No. 653,train1,2109,T
No. 654,train1,2110,P
No. 655,train1,2111,T
No. 656,train1,2112,T
No. 657,train1,2113,T
No. 658,train1,2114,T
No. 659,train1,2115,T
No. 660,train1,2116,T
No. 661,train1,2117,T
No. 662,train1,2118,T
No. 663,train1,2119,T
No. 664,train1,2120,T
No. 665,train1,2121,T
No. 666,train1,2122,T
No. 667,train1,2123,T
No. 668,train1,2125,T
No. 669,train1,2126,T
No. 670,train1,2128,T
No. 671,train1,2129,P
No. 672,train1,2130,T
No. 673,train1,2131,T
No. 674,train1,2132,T
No. 675,train1,2133,P
No. 676,train1,2134,T
No. 677,train1,2135,T
No. 678,train1,2136,T
No. 679,train1,2137,T
No. 680,train1,2138,T
No. 681,train1,2139,T
No. 682,train1,2141,T
No. 683,train1,2142,T
No. 684,train1,2143,T
No. 685,train1,2144,T
No. 686,train1,2145,T
No. 687,train1,2146,T
No. 688,train1,2147,T
No. 689,train1,2148,T
No. 690,train1,2149,T
No. 691,train1,2150,T
No. 692,train1,2151,T
No. 693,train1,2152,T
No. 694,train1,2153,T
No. 695,train1,2154,T
No. 696,train1,2155,T
No. 697,train1,2156,T
No. 698,train1,2157,P
No. 699,train1,2158,T
No. 700,train1,2159,T
No. 701,train1,2160,T
No. 702,train1,2161,T
No. 703,train1,2162,T
No. 704,train1,2163,T
No. 705,train1,2164,T
No. 706,train1,2165,T
No. 707,train1,2166,T
No. 708,train1,2167,T
No. 709,train1,2168,T
No. 710,train1,2169,T
No. 711,train1,2170,T
No. 712,train1,2171,T
No. 713,train1,2172,T
No. 714,train1,2173,T
No. 715,train1,2174,T
No. 716,train1,2175,T
No. 717,train1,2176,T
No. 718,train1,2177,T
No. 719,train1,2178,T
No. 720,train1,2180,T
No. 721,train1,2181,T
No. 722,train1,2182,T
No. 723,train1,2183,T
No. 724,train1,2184,T
No. 725,train1,2185,T
No. 726,train1,2186,T
No. 727,train1,2187,T
No. 728,train1,2188,T
No. 729,train1,2189,T
No. 730,train1,2192,T
No. 731,train1,2193,T
No. 732,train1,2194,T
No. 733,train1,2195,T
No. 734,train1,2196,T
No. 735,train1,2197,T
No. 736,train1,2200,T
No. 737,train1,2201,T
No. 738,train1,2202,T
No. 739,train1,2203,T
No. 740,train1,2204,T
No. 741,train1,2205,T
No. 742,train1,2206,T
No. 743,train1,2207,T
No. 744,train1,2208,T
No. 745,train1,2209,T
No. 746,train1,2210,T
No. 747,train1,2211,T
No. 748,train1,2212,T
No. 749,train1,2213,T
No. 750,train1,2214,T
No. 751,train1,2216,T
No. 752,train1,2217,T
No. 753,train1,2219,T
No. 754,train1,2220,T
No. 755,train1,2221,T
No. 756,train1,2222,T
No. 757,train1,2223,T
No. 758,train1,2224,T
No. 759,train1,2225,T
No. 760,train1,2226,T
No. 761,train1,2227,T
No. 762,train1,2228,T
No. 763,train1,2229,T
No. 764,train1,2230,T
No. 765,train1,2231,T
No. 766,train1,2232,T
No. 767,train1,2233,T
No. 768,train1,2234,T
No. 769,train1,2235,T
No. 770,train1,2236,T
No. 771,train1,2237,T
No. 772,train1,2238,T
No. 773,train1,2239,T
No. 774,train1,2240,T
No. 775,train1,2241,T
No. 776,train1,2242,T
No. 777,train1,2243,T
No. 778,train1,2245,T
No. 779,train1,2246,T
No. 780,train1,2247,T
No. 781,train1,2248,T
No. 782,train1,2249,T
No. 783,train1,2250,T
No. 784,train1,2251,T
No. 785,train1,2253,T
No. 786,train1,2254,T
No. 787,train1,2255,T
No. 788,train1,2256,2
No. 789,train1,2258,T
No. 790,train1,2259,T
No. 791,train1,2260,T
No. 792,train1,2261,T
No. 793,train1,2262,T
No. 794,train1,2263,T
No. 795,train1,2265,T
No. 796,train1,2266,T
No. 797,train1,2267,T
No. 798,train1,2268,T
No. 799,train1,2269,T
No. 800,train1,2270,T
No. 801,train1,2271,T
No. 802,train1,2272,T
No. 803,train1,2273,P
No. 804,train1,2274,T
No. 805,train1,2275,T
No. 806,train1,2276,T
No. 807,train1,2277,T
No. 808,train1,2278,T
No. 809,train1,2279,T
No. 810,train1,2280,T
No. 811,train1,2282,T
No. 812,train1,2283,T
No. 813,train1,2284,T
No. 814,train1,2285,T
No. 815,train1,2286,T
No. 816,train1,2287,T
No. 817,train1,2288,T
No. 818,train1,2289,T
No. 819,train1,2290,T
No. 820,train1,2291,T
No. 821,train1,2292,T
No. 822,train1,2293,T
No. 823,train1,2294,T
No. 824,train1,2295,T
No. 825,train1,2296,T
No. 826,train1,2297,T
No. 827,train1,2298,T
No. 828,train1,2299,T
No. 829,train1,2300,T
No. 830,train1,2301,T
No. 831,train1,2303,T
No. 832,train1,2304,T
No. 833,train1,2305,T
No. 834,train1,2306,T
No. 835,train1,2307,T
No. 836,train1,2308,T
No. 837,train1,2309,P
No. 838,train1,2310,T
No. 839,train1,2311,T
No. 840,train1,2312,T
No. 841,train1,2313,T
No. 842,train1,2316,T
No. 843,train1,2317,T
No. 844,train1,2318,T
No. 845,train1,2319,T
No. 846,train1,2320,T
No. 847,train1,2321,T
No. 848,train1,2322,T
No. 849,train1,2323,T
No. 850,train1,2324,T
No. 851,train1,2325,T
No. 852,train1,2326,T
No. 853,train1,2327,T
No. 854,train1,2328,T
No. 855,train1,2329,T
No. 856,train1,2330,T
No. 857,train1,2331,T
No. 858,train1,2332,T
No. 859,train1,2333,T
No. 860,train1,2336,T
No. 861,train1,2337,P
No. 862,train1,2339,T
No. 863,train1,2340,T
No. 864,train1,2341,T
No. 865,train1,2342,T
No. 866,train1,2343,T
No. 867,train1,2344,T
No. 868,train1,2345,T
No. 869,train1,2346,T
No. 870,train1,2347,T
No. 871,train1,2348,T
No. 872,train1,2349,T
No. 873,train1,2350,T
No. 874,train1,2351,T
No. 875,train1,2352,T
No. 876,train1,2353,T
No. 877,train1,2354,T
No. 878,train1,2355,T
No. 879,train1,2356,T
No. 880,train1,2357,T
No. 881,train1,2358,P
No. 882,train1,2359,T
No. 883,train1,2360,T
No. 884,train1,2361,T
No. 885,train1,2363,T
No. 886,train1,2364,T
No. 887,train1,2365,T
No. 888,train1,2366,T
No. 889,train1,2367,T
No. 890,train1,2368,T
No. 891,train1,2369,T
No. 892,train1,2370,T
No. 893,train1,2371,T
No. 894,train1,2372,T
No. 895,train1,2373,T
No. 896,train1,2374,T
No. 897,train1,2375,T
No. 898,train1,2376,T
No. 899,train1,2378,T
No. 900,train1,2379,T
No. 901,train1,2380,T
No. 902,train1,2381,T
No. 903,train1,2382,T
No. 904,train1,2383,T
No. 905,train1,2384,T
No. 906,train1,2385,T
No. 907,train1,2386,T
No. 908,train1,2387,T
No. 909,train1,2388,T
No. 910,train1,2389,T
No. 911,train1,2390,T
No. 912,train1,2391,T
No. 913,train1,2393,T
No. 914,train1,2394,T
No. 915,train1,2395,T
No. 916,train1,2396,T
No. 917,train1,2398,T
No. 918,train1,2400,T
No. 919,train1,2401,T
No. 920,train1,2402,T
No. 921,train1,2403,T
No. 922,train1,2404,T
No. 923,train1,2405,T
No. 924,train1,2406,T
No. 925,train1,2407,T
No. 926,train1,2408,T
No. 927,train1,2409,T
No. 928,train1,2410,T
No. 929,train1,2411,T
No. 930,train1,2412,T
No. 931,train1,2413,T
No. 932,train1,2414,T
No. 933,train1,2415,T
No. 934,train1,2416,T
No. 935,train1,2417,T
No. 936,train1,2418,T
No. 937,train1,2419,T
No. 938,train1,2421,T
No. 939,train1,2422,T
No. 940,train1,2423,T
No. 941,train1,2424,T
No. 942,train1,2425,T
No. 943,train1,2427,T
No. 944,train1,2428,T
No. 945,train1,2429,T
No. 946,train1,2430,T
No. 947,train1,2431,T
No. 948,train1,2432,T
No. 949,train1,2433,T
No. 950,train1,2435,T
No. 951,train1,2436,T
No. 952,train1,2437,T
No. 953,train1,2438,T
No. 954,train1,2439,T
No. 955,train1,2440,T
No. 956,train1,2442,T
No. 957,train1,2443,T
No. 958,train1,2444,T
No. 959,train1,2445,T
No. 960,train1,2446,T
No. 961,train1,2447,T
No. 962,train1,2448,T
No. 963,train1,2449,T
No. 964,train1,2450,T
No. 965,train1,2451,T
No. 966,train1,2452,T
No. 967,train1,2453,T
No. 968,train1,2454,P
No. 969,train1,2455,T
No. 970,train1,2456,T
No. 971,train1,2457,T
No. 972,train1,2458,T
No. 973,train1,2460,T
No. 974,train1,2461,T
No. 975,train1,2462,T
No. 976,train1,2464,T
No. 977,train1,2465,T
No. 978,train1,2466,T
No. 979,train1,2467,T
No. 980,train1,2468,T
No. 981,train1,2469,T
No. 982,train1,2470,T
No. 983,train1,2471,T
No. 984,train1,2473,T
No. 985,train1,2475,T
No. 986,train1,2476,T
No. 987,train1,2477,T
No. 988,train1,2478,T
No. 989,train1,2479,T
No. 990,train1,2480,T
No. 991,train1,2481,T
No. 992,train1,2482,T
No. 993,train1,2483,T
No. 994,train1,2484,T
No. 995,train1,2485,T
No. 996,train1,2486,T
No. 997,train1,2487,T
No. 998,train1,2488,T
No. 999,train1,2489,T
No. 1000,train1,2490,T
No. 1001,train1,2491,T
No. 1002,train1,2492,T
No. 1003,train1,2493,T
No. 1004,train1,2494,T
No. 1005,train1,2495,T
No. 1006,train1,2496,T
No. 1007,train1,2497,T
No. 1008,train1,2498,T
No. 1009,train1,2499,T
No. 1010,train1,2500,T
No. 1011,train1,2501,T
No. 1012,train1,2502,T
No. 1013,train1,2503,T
No. 1014,train1,2504,T
No. 1015,train1,2505,T
No. 1016,train1,2506,T
No. 1017,train1,2507,T
No. 1018,train1,2508,T
No. 1019,train1,2509,T
No. 1020,train1,2510,T
No. 1021,train1,2511,T
No. 1022,train1,2512,T
No. 1023,train1,2513,T
No. 1024,train1,2514,T
No. 1025,train1,2515,T
No. 1026,train1,2516,T
No. 1027,train1,2517,T
No. 1028,train1,2518,T
No. 1029,train1,2519,T
No. 1030,train1,2520,T
No. 1031,train1,2521,T
No. 1032,train1,2522,T
No. 1033,train1,2523,T
No. 1034,train1,2525,T
No. 1035,train1,2526,T
No. 1036,train1,2527,T
No. 1037,train1,2528,T
No. 1038,train1,2529,T
No. 1039,train1,2530,T
No. 1040,train1,2531,T
No. 1041,train1,2532,T
No. 1042,train1,2533,T
No. 1043,train1,2534,T
No. 1044,train1,2535,T
No. 1045,train1,2537,T
No. 1046,train1,2538,T
No. 1047,train1,2539,T
No. 1048,train1,2540,T
No. 1049,train1,2541,T
No. 1050,train1,2543,T
No. 1051,train1,2544,T
No. 1052,train1,2545,T
No. 1053,train1,2546,T
No. 1054,train1,2547,T
No. 1055,train1,2550,T
No. 1056,train1,2551,T
No. 1057,train1,2552,T
No. 1058,train1,2553,T
No. 1059,train1,2554,T
No. 1060,train1,2555,T
No. 1061,train1,2556,T
No. 1062,train1,2557,T
No. 1063,train1,2558,T
No. 1064,train1,2559,T
No. 1065,train1,2560,T
No. 1066,train1,2562,T
No. 1067,train1,2563,T
No. 1068,train1,2564,T
No. 1069,train1,2565,T
No. 1070,train1,2566,T
No. 1071,train1,2567,T
No. 1072,train1,2568,T
No. 1073,train1,2570,T
No. 1074,train1,2571,T
No. 1075,train1,2572,T
No. 1076,train1,2573,T
No. 1077,train1,2574,T
No. 1078,train1,2575,T
No. 1079,train1,2576,T
No. 1080,train1,2577,T
No. 1081,train1,2578,T
No. 1082,train1,2579,T
No. 1083,train1,2580,T
No. 1084,train1,2581,T
No. 1085,train1,2582,T
No. 1086,train1,2583,T
No. 1087,train1,2584,P
No. 1088,train1,2585,T
No. 1089,train1,2586,T
No. 1090,train1,2587,T
No. 1091,train1,2588,T
No. 1092,train1,2589,T
No. 1093,train1,2590,T
No. 1094,train1,2591,T
No. 1095,train1,2592,T
No. 1096,train1,2594,T
No. 1097,train1,2595,T
No. 1098,train1,2596,T
No. 1099,train1,2597,T
No. 1100,train1,2598,T
No. 1101,train1,2599,T
No. 1102,train1,2600,T
No. 1103,train1,2601,T
No. 1104,train1,2603,T
No. 1105,train1,2604,T
No. 1106,train1,2605,T
No. 1107,train1,2606,T
No. 1108,train1,2607,T
No. 1109,train1,2608,T
No. 1110,train1,2609,T
No. 1111,train1,2611,T
No. 1112,train1,2612,T
No. 1113,train1,2613,T
No. 1114,train1,2614,T
No. 1115,train1,2615,T
No. 1116,train1,2616,T
No. 1117,train1,2617,T
No. 1118,train1,2618,T
No. 1119,train1,2620,T
No. 1120,train1,2621,T
No. 1121,train1,2622,T
No. 1122,train1,2623,T
No. 1123,train1,2624,T
No. 1124,train1,2625,T
No. 1125,train1,2626,T
No. 1126,train1,2627,T
No. 1127,train1,2628,T
No. 1128,train1,2629,T
No. 1129,train1,2631,T
No. 1130,train1,2632,T
No. 1131,train1,2633,T
No. 1132,train1,2635,T
No. 1133,train1,2636,T
No. 1134,train1,2637,T
No. 1135,train1,2638,T
No. 1136,train1,2639,T
No. 1137,train1,2640,T
No. 1138,train1,2641,T
No. 1139,train1,2642,T
No. 1140,train1,2643,T
No. 1141,train1,2644,T
No. 1142,train1,2645,T
No. 1143,train1,2646,T
No. 1144,train1,2647,T
No. 1145,train1,2648,T
No. 1146,train1,2649,T
No. 1147,train1,2650,T
No. 1148,train1,2651,T
No. 1149,train1,2652,T
No. 1150,train1,2653,T
No. 1151,train1,2654,T
No. 1152,train1,2655,T
No. 1153,train1,2656,T
No. 1154,train1,2657,T
No. 1155,train1,2658,T
No. 1156,train1,2659,T
No. 1157,train1,2660,P
No. 1158,train1,2661,T
No. 1159,train1,2662,T
No. 1160,train1,2663,T
No. 1161,train1,2664,T
No. 1162,train1,2665,T
No. 1163,train1,2666,T
No. 1164,train1,2667,T
No. 1165,train1,2668,P
No. 1166,train1,2669,P
No. 1167,train1,2670,T
No. 1168,train1,2671,T
No. 1169,train1,2672,T
No. 1170,train1,2673,T
No. 1171,train1,2674,T
No. 1172,train1,2677,T
No. 1173,train1,2678,T
No. 1174,train1,2679,T
No. 1175,train1,2680,T
No. 1176,train1,2681,T
No. 1177,train1,2682,P
No. 1178,train1,2684,T
No. 1179,train1,2685,T
No. 1180,train1,2686,T
No. 1181,train1,2687,T
No. 1182,train1,2688,T
No. 1183,train1,2689,P
No. 1184,train1,2690,T
No. 1185,train1,2691,T
No. 1186,train1,2692,T
No. 1187,train1,2693,T
No. 1188,train1,2694,T
No. 1189,train1,2695,T
No. 1190,train1,2696,T
No. 1191,train1,2697,T
No. 1192,train1,2698,T
No. 1193,train1,2699,T
No. 1194,train1,2700,T
No. 1195,train1,2701,T
No. 1196,train1,2702,T
No. 1197,train1,2703,T
No. 1198,train1,2704,T
No. 1199,train1,2705,T
No. 1200,train1,2706,T
No. 1201,train1,2707,T
No. 1202,train1,2708,T
No. 1203,train1,2709,T
No. 1204,train1,2710,T
No. 1205,train1,2712,T
No. 1206,train1,2713,T
No. 1207,train1,2714,T
No. 1208,train1,2715,T
No. 1209,train1,2716,T
No. 1210,train1,2717,T
No. 1211,train1,2718,T
No. 1212,train1,2719,T
No. 1213,train1,2721,T
No. 1214,train1,2722,T
No. 1215,train1,2723,T
No. 1216,train1,2724,P
No. 1217,train1,2725,T
No. 1218,train1,2726,T
No. 1219,train1,2727,T
No. 1220,train1,2728,T
No. 1221,train1,2729,T
No. 1222,train1,2730,T
No. 1223,train1,2731,P
No. 1224,train1,2732,T
No. 1225,train1,2733,T
No. 1226,train1,2734,T
No. 1227,train1,2735,T
No. 1228,train1,2736,P
No. 1229,train1,2737,T
No. 1230,train1,2738,T
No. 1231,train1,2739,T
No. 1232,train1,2740,T
No. 1233,train1,2741,T
No. 1234,train1,2742,T
No. 1235,train1,2743,T
No. 1236,train1,2744,T
No. 1237,train1,2745,T
No. 1238,train1,2746,T
No. 1239,train1,2747,T
No. 1240,train1,2748,T
No. 1241,train1,2749,T
No. 1242,train1,2750,T
No. 1243,train1,2752,T
No. 1244,train1,2753,T
No. 1245,train1,2754,T
No. 1246,train1,2755,T
No. 1247,train1,2756,T
No. 1248,train1,2757,P
No. 1249,train1,2758,T
No. 1250,train1,2759,T
No. 1251,train1,2760,T
No. 1252,train1,2761,T
No. 1253,train1,2762,T
No. 1254,train1,2765,T
No. 1255,train1,2766,T
No. 1256,train1,2767,T
No. 1257,train1,2768,T
No. 1258,train1,2769,T
No. 1259,train1,2771,T
No. 1260,train1,2772,T
No. 1261,train1,2773,P
No. 1262,train1,2774,P
No. 1263,train1,2775,T
No. 1264,train1,2776,T
No. 1265,train1,2777,T
No. 1266,train1,2778,T
No. 1267,train1,2779,T
No. 1268,train1,2780,T
No. 1269,train1,2781,T
No. 1270,train1,2782,T
No. 1271,train1,2783,T
No. 1272,train1,2784,T
No. 1273,train1,2785,T
No. 1274,train1,2786,T
No. 1275,train1,2787,P
No. 1276,train1,2788,T
No. 1277,train1,2789,T
No. 1278,train1,2790,T
No. 1279,train1,2791,T
No. 1280,train1,2792,T
No. 1281,train1,2793,T
No. 1282,train1,2794,T
No. 1283,train1,2795,T
No. 1284,train1,2797,T
No. 1285,train1,2798,T
No. 1286,train1,2799,T
No. 1287,train1,2801,T
No. 1288,train1,2802,T
No. 1289,train1,2804,T
No. 1290,train1,2805,T
No. 1291,train1,2806,T
No. 1292,train1,2807,T
No. 1293,train1,2808,T
No. 1294,train1,2810,T
No. 1295,train1,2811,T
No. 1296,train1,2812,T
No. 1297,train1,2813,P
No. 1298,train1,2814,T
No. 1299,train1,2815,T
No. 1300,train1,2817,T
No. 1301,train1,2818,T
No. 1302,train1,2819,T
No. 1303,train1,2821,T
No. 1304,train1,2823,T
No. 1305,train1,2825,T
No. 1306,train1,2826,T
No. 1307,train1,2827,T
No. 1308,train1,2828,T
No. 1309,train1,2829,T
No. 1310,train1,2830,T
No. 1311,train1,2832,T
No. 1312,train1,2834,T
No. 1313,train1,2835,T
No. 1314,train1,2836,T
No. 1315,train1,2837,T
No. 1316,train1,2838,P
No. 1317,train1,2839,T
No. 1318,train1,2841,T
No. 1319,train1,2843,T
No. 1320,train1,2844,T
No. 1321,train1,2845,T
No. 1322,train1,2846,T
No. 1323,train1,2847,T
No. 1324,train1,2848,T
No. 1325,train1,2849,T
No. 1326,train1,2850,T
No. 1327,train1,2851,T
No. 1328,train1,2852,T
No. 1329,train1,2853,T
No. 1330,train1,2854,T
No. 1331,train1,2855,T
No. 1332,train1,2856,T
No. 1333,train1,2857,T
No. 1334,train1,2858,T
No. 1335,train1,2859,T
No. 1336,train1,2861,T
No. 1337,train1,2862,T
No. 1338,train1,2864,T
No. 1339,train1,2865,T
No. 1340,train1,2866,T
No. 1341,train1,2867,T
No. 1342,train1,2868,P
No. 1343,train1,2870,T
No. 1344,train1,2871,T
No. 1345,train1,2872,T
No. 1346,train1,2873,T
No. 1347,train1,2874,T
No. 1348,train1,2875,T
No. 1349,train1,2876,T
No. 1350,train1,2877,T
No. 1351,train1,2878,T
No. 1352,train1,2879,T
No. 1353,train1,2880,T
No. 1354,train1,2881,T
No. 1355,train1,2882,T
No. 1356,train1,2883,T
No. 1357,train1,2884,T
No. 1358,train1,2885,T
No. 1359,train1,2886,T
No. 1360,train1,2887,T
No. 1361,train1,2888,T
No. 1362,train1,2889,T
No. 1363,train1,2890,T
No. 1364,train1,2892,T
No. 1365,train1,2893,T
No. 1366,train1,2894,T
No. 1367,train1,2895,T
No. 1368,train1,2896,T
No. 1369,train1,2897,T
No. 1370,train1,2898,T
No. 1371,train1,2899,T
No. 1372,train1,2900,T
No. 1373,train1,2901,T
No. 1374,train1,2902,T
No. 1375,train1,2903,T
No. 1376,train1,2904,T
No. 1377,train1,2905,T
No. 1378,train1,2906,T
No. 1379,train1,2907,T
No. 1380,train1,2908,T
No. 1381,train1,2909,T
No. 1382,train1,2911,T
No. 1383,train1,2912,T
No. 1384,train1,2913,T
No. 1385,train1,2914,T
No. 1386,train1,2916,T
No. 1387,train1,2917,T
No. 1388,train1,2918,T
No. 1389,train1,2920,T
No. 1390,train1,2921,T
No. 1391,train1,2922,T
No. 1392,train1,2923,T
No. 1393,train1,2924,T
No. 1394,train1,2925,T
No. 1395,train1,2926,T
No. 1396,train1,2927,T
No. 1397,train1,2928,T
No. 1398,train1,2929,T
No. 1399,train1,2930,T
No. 1400,train1,2932,T
No. 1401,train1,2933,T
No. 1402,train1,2934,T
No. 1403,train1,2935,T
No. 1404,train1,2936,T
No. 1405,train1,2937,T
No. 1406,train1,2938,T
No. 1407,train1,2939,T
No. 1408,train1,2942,T
No. 1409,train1,2943,p
No. 1410,train1,2944,T
No. 1411,train1,2946,T
No. 1412,train1,2947,T
No. 1413,train1,2948,T
No. 1414,train1,2949,T
No. 1415,train1,2950,T
No. 1416,train1,2951,T
No. 1417,train1,2952,T
No. 1418,train1,2953,T
No. 1419,train1,2954,T
No. 1420,train1,2955,T
No. 1421,train1,2956,T
No. 1422,train1,2957,T
No. 1423,train1,2958,T
No. 1424,train1,2959,T
No. 1425,train1,2961,T
No. 1426,train1,2962,T
No. 1427,train1,2963,T
No. 1428,train1,2964,T
No. 1429,train1,2965,T
No. 1430,train1,2966,T
No. 1431,train1,2969,T
No. 1432,train1,2970,T
No. 1433,train1,2971,T
No. 1434,train1,2974,T
No. 1435,train1,2975,T
No. 1436,train1,2976,T
No. 1437,train1,2977,T
No. 1438,train1,2978,T
No. 1439,train1,2979,T
No. 1440,train1,2980,T
No. 1441,train1,2982,T
No. 1442,train1,2983,T
No. 1443,train1,2984,T
No. 1444,train1,2985,T
No. 1445,train1,2986,T
No. 1446,train1,2987,T
No. 1447,train1,2988,T
No. 1448,train1,2989,T
No. 1449,train1,2990,T
No. 1450,train1,2991,T
No. 1451,train1,2992,T
No. 1452,train1,2993,T
No. 1453,train1,2994,T
No. 1454,train1,2996,T
No. 1455,train1,2997,T
No. 1456,train1,2998,T
No. 1457,train1,2999,T
No. 1458,train1,3000,T
No. 1459,train1,3001,T
No. 1460,train1,3002,T
No. 1461,train1,3003,T
No. 1462,train1,3004,T
No. 1463,train1,3005,T
No. 1464,train1,3006,T
No. 1465,train1,3007,T
No. 1466,train1,3008,T
No. 1467,train1,3010,T
No. 1468,train1,3011,T
No. 1469,train1,3012,T
No. 1470,train1,3013,T
No. 1471,train1,3014,T
No. 1472,train1,3015,T
No. 1473,train1,3016,T
No. 1474,train1,3017,T
No. 1475,train1,3018,T
No. 1476,train1,3019,T
No. 1477,train1,3020,T
No. 1478,train1,3021,T
No. 1479,train1,3022,T
No. 1480,train1,3023,T
No. 1481,train1,3024,T
No. 1482,train1,3025,T
No. 1483,train1,3026,T
No. 1484,train1,3027,T
No. 1485,train1,3028,T
No. 1486,train1,3029,T
No. 1487,train1,3030,T
No. 1488,train1,3031,T
No. 1489,train1,3032,T
No. 1490,train1,3033,T
No. 1491,train1,3034,T
No. 1492,train1,3035,T
No. 1493,train1,3036,T
No. 1494,train1,3037,T
No. 1495,train1,3038,T
No. 1496,train1,3039,T
No. 1497,train1,3040,T
No. 1498,train1,3041,T
No. 1499,train1,3042,T
No. 1500,train1,3043,T
No. 1501,train1,3047,T
No. 1502,train1,3048,T
No. 1503,train1,3049,T
No. 1504,train1,3050,P
No. 1505,train1,3051,T
No. 1506,train1,3052,T
No. 1507,train1,3053,T
No. 1508,train1,3054,T
No. 1509,train1,3055,T
No. 1510,train1,3056,T
No. 1511,train1,3057,T
No. 1512,train1,3058,T
No. 1513,train1,3059,T
No. 1514,train1,3060,T
No. 1515,train1,3061,T
No. 1516,train1,3062,T
No. 1517,train1,3063,T
No. 1518,train1,3064,T
No. 1519,train1,3065,T
No. 1520,train1,3066,T
No. 1521,train1,3068,T
No. 1522,train1,3069,T
No. 1523,train1,3070,T
No. 1524,train1,3071,T
No. 1525,train1,3072,T
No. 1526,train1,3073,T
No. 1527,train1,3074,T
No. 1528,train1,3075,T
No. 1529,train1,3076,T
No. 1530,train1,3077,T
No. 1531,train1,3078,T
No. 1532,train1,3079,T
No. 1533,train1,3080,T
No. 1534,train1,3081,T
No. 1535,train1,3082,T
No. 1536,train1,3083,T
No. 1537,train1,3084,T
No. 1538,train1,3085,T
No. 1539,train1,3086,T
No. 1540,train1,3087,T
No. 1541,train1,3088,T
No. 1542,train1,3090,T
No. 1543,train1,3091,T
No. 1544,train1,3092,T
No. 1545,train1,3093,T
No. 1546,train1,3094,T
No. 1547,train1,3095,T
No. 1548,train1,3096,T
No. 1549,train1,3097,T
No. 1550,train1,3098,T
No. 1551,train1,3099,T
No. 1552,train1,3100,P
No. 1553,train1,3103,T
No. 1554,train1,3104,T
No. 1555,train1,3105,T
No. 1556,train1,3108,T
No. 1557,train1,3110,L
No. 1558,train1,3111,T
No. 1559,train1,3112,T
No. 1560,train1,3113,T
No. 1561,train1,3114,P
No. 1562,train1,3115,T
No. 1563,train1,3116,T
No. 1564,train1,3118,T
No. 1565,train1,3120,T
No. 1566,train1,3121,T
No. 1567,train1,3122,T
No. 1568,train1,3123,T
No. 1569,train1,3124,T
No. 1570,train1,3125,T
No. 1571,train1,3127,T
No. 1572,train1,3128,T
No. 1573,train1,3129,T
No. 1574,train1,3130,T
No. 1575,train1,3132,T
No. 1576,train1,3133,T
No. 1577,train1,3134,T
No. 1578,train1,3135,P
No. 1579,train1,3136,T
No. 1580,train1,3137,T
No. 1581,train1,3138,T
No. 1582,train1,3140,T
No. 1583,train1,3141,T
No. 1584,train1,3142,T
No. 1585,train1,3144,T
No. 1586,train1,3145,T
No. 1587,train1,3146,T
No. 1588,train1,3147,T
No. 1589,train1,3148,T
No. 1590,train1,3149,T
No. 1591,train1,3150,T
No. 1592,train1,3151,T
No. 1593,train1,3152,T
No. 1594,train1,3153,T
No. 1595,train1,3154,T
No. 1596,train1,3155,T
No. 1597,train1,3156,T
No. 1598,train1,3157,L
No. 1599,train1,3158,T
No. 1600,train1,3159,T
No. 1601,train1,3160,T
No. 1602,train1,3161,T
No. 1603,train1,3162,T
No. 1604,train1,3163,T
No. 1605,train1,3164,T
No. 1606,train1,3165,T
No. 1607,train1,3166,T
No. 1608,train1,3167,T
No. 1609,train1,3168,T
No. 1610,train1,3169,T
No. 1611,train1,3170,T
No. 1612,train1,3171,T
No. 1613,train1,3172,T
No. 1614,train1,3173,T
No. 1615,train1,3174,T
No. 1616,train1,3175,T
No. 1617,train1,3176,T
No. 1618,train1,3177,T
No. 1619,train1,3178,T
No. 1620,train1,3179,T
No. 1621,train1,3180,T
No. 1622,train1,3181,T
No. 1623,train1,3183,T
No. 1624,train1,3184,T
No. 1625,train1,3185,T
No. 1626,train1,3186,T
No. 1627,train1,3187,P
No. 1628,train1,3188,T
No. 1629,train1,3189,T
No. 1630,train1,3190,T
No. 1631,train1,3191,T
No. 1632,train1,3192,T
No. 1633,train1,3193,T
No. 1634,train1,3194,T
No. 1635,train1,3195,T
No. 1636,train1,3196,T
No. 1637,train1,3197,T
No. 1638,train1,3198,T
No. 1639,train1,3200,T
No. 1640,train1,3202,T
No. 1641,train1,3203,T
No. 1642,train1,3205,T
No. 1643,train1,3206,T
No. 1644,train1,3207,T
No. 1645,train1,3209,T
No. 1646,train1,3210,T
No. 1647,train1,3211,T
No. 1648,train1,3212,T
No. 1649,train1,3213,T
No. 1650,train1,3214,T
No. 1651,train1,3215,T
No. 1652,train1,3216,T
No. 1653,train1,3217,T
No. 1654,train1,3218,T
No. 1655,train1,3219,T
No. 1656,train1,3220,T
No. 1657,train1,3223,T
No. 1658,train1,3224,T
No. 1659,train1,3225,T
No. 1660,train1,3226,T
No. 1661,train1,3227,T
No. 1662,train1,3229,T
No. 1663,train1,3230,T
No. 1664,train1,3231,T
No. 1665,train1,3232,T
No. 1666,train1,3233,T
No. 1667,train1,3234,T
No. 1668,train1,3235,T
No. 1669,train1,3236,T
No. 1670,train1,3237,T
No. 1671,train1,3238,T
No. 1672,train1,3239,T
No. 1673,train1,3240,T
No. 1674,train1,3241,T
No. 1675,train1,3242,T
No. 1676,train1,3244,T
No. 1677,train1,3245,T
No. 1678,train1,3246,T
No. 1679,train1,3248,T
No. 1680,train1,3249,T
No. 1681,train1,3250,T
No. 1682,train1,3251,T
No. 1683,train1,3252,T
No. 1684,train1,3253,T
No. 1685,train1,3254,T
No. 1686,train1,3255,T
No. 1687,train1,3256,T
No. 1688,train1,3257,T
No. 1689,train1,3258,T
No. 1690,train1,3259,T
No. 1691,train1,3260,T
No. 1692,train1,3261,T
No. 1693,train1,3262,T
No. 1694,train1,3263,T
No. 1695,train1,3264,T
No. 1696,train1,3265,T
No. 1697,train1,3266,T
No. 1698,train1,3267,T
No. 1699,train1,3268,T
No. 1700,train1,3269,T
No. 1701,train1,3270,T
No. 1702,train1,3271,T
No. 1703,train1,3272,T
No. 1704,train1,3273,T
No. 1705,train1,3274,T
No. 1706,train1,3275,T
No. 1707,train1,3277,T
No. 1708,train1,3278,T
No. 1709,train1,3279,T
No. 1710,train1,3280,T
No. 1711,train1,3281,T
No. 1712,train1,3282,T
No. 1713,train1,3283,T
No. 1714,train1,3284,T
No. 1715,train1,3285,T
No. 1716,train1,3286,T
No. 1717,train1,3287,T
No. 1718,train1,3288,T
No. 1719,train1,3289,T
No. 1720,train1,3291,T
No. 1721,train1,3292,T
No. 1722,train1,3293,T
No. 1723,train1,3294,T
No. 1724,train1,3295,T
No. 1725,train1,3297,T
No. 1726,train1,3299,T
No. 1727,train1,3300,T
No. 1728,train1,3301,T
No. 1729,train1,3302,T
No. 1730,train1,3303,P
No. 1731,train1,3304,T
No. 1732,train1,3305,T
No. 1733,train1,3306,T
No. 1734,train1,3307,T
No. 1735,train1,3308,T
No. 1736,train1,3309,T
No. 1737,train1,3310,T
No. 1738,train1,3311,T
No. 1739,train1,3312,T
No. 1740,train1,3313,T
No. 1741,train1,3315,T
No. 1742,train1,3316,T
No. 1743,train1,3318,T
No. 1744,train1,3320,T
No. 1745,train1,3321,T
No. 1746,train1,3323,T
No. 1747,train1,3324,T
No. 1748,train1,3325,T
No. 1749,train1,3327,T
No. 1750,train1,3328,T
No. 1751,train1,3329,T
No. 1752,train1,3330,T
No. 1753,train1,3331,T
No. 1754,train1,3332,T
No. 1755,train1,3334,T
No. 1756,train1,3335,T
No. 1757,train1,3337,T
No. 1758,train1,3338,T
No. 1759,train1,3339,T
No. 1760,train1,3341,T
No. 1761,train1,3342,T
No. 1762,train1,3343,T
No. 1763,train1,3344,T
No. 1764,train1,3345,T
No. 1765,train1,3346,T
No. 1766,train1,3347,T
No. 1767,train1,3348,T
No. 1768,train1,3349,T
No. 1769,train1,3350,T
No. 1770,train1,3351,T
No. 1771,train1,3352,T
No. 1772,train1,3353,T
No. 1773,train1,3354,T
No. 1774,train1,3355,T
No. 1775,train1,3356,T
No. 1776,train1,3357,T
No. 1777,train1,3359,T
No. 1778,train1,3360,T
No. 1779,train1,3361,T
No. 1780,train1,3362,T
No. 1781,train1,3363,T
No. 1782,train1,3364,T
No. 1783,train1,3365,T
No. 1784,train1,3366,T
No. 1785,train1,3367,T
No. 1786,train1,3368,T
No. 1787,train1,3369,T
No. 1788,train1,3370,T
No. 1789,train1,3371,T
No. 1790,train1,3372,T
No. 1791,train1,3373,T
No. 1792,train1,3374,T
No. 1793,train1,3375,T
No. 1794,train1,3376,T
No. 1795,train1,3377,T
No. 1796,train1,3378,T
No. 1797,train1,3379,T
No. 1798,train1,3380,T
No. 1799,train1,3381,T
No. 1800,train1,3382,T
No. 1801,train1,3383,T
No. 1802,train1,3384,P
No. 1803,train1,3385,T
No. 1804,train1,3386,T
No. 1805,train1,3387,T
No. 1806,train1,3388,T
No. 1807,train1,3389,T
No. 1808,train1,3390,T
No. 1809,train1,3391,T
No. 1810,train1,3392,T
No. 1811,train1,3393,T
No. 1812,train1,3394,T
No. 1813,train1,3395,T
No. 1814,train1,3396,T
No. 1815,train1,3397,T
No. 1816,train1,3398,T
No. 1817,train1,3399,T
No. 1818,train1,3400,T
No. 1819,train1,3401,T
No. 1820,train1,3403,P
No. 1821,train1,3405,T
No. 1822,train1,3406,P
No. 1823,train1,3407,T
No. 1824,train1,3408,T
No. 1825,train1,3409,T
No. 1826,train1,3410,T
No. 1827,train1,3411,T
No. 1828,train1,3412,T
No. 1829,train1,3413,T
No. 1830,train1,3414,T
No. 1831,train1,3415,P
No. 1832,train1,3416,T
No. 1833,train1,3417,T
No. 1834,train1,3418,T
No. 1835,train1,3419,T
No. 1836,train1,3420,T
No. 1837,train1,3421,T
No. 1838,train1,3423,T
No. 1839,train1,3424,T
No. 1840,train1,3425,T
No. 1841,train1,3426,T
No. 1842,train1,3427,T
No. 1843,train1,3429,T
No. 1844,train1,3430,T
No. 1845,train1,3431,T
No. 1846,train1,3432,T
No. 1847,train1,3433,T
No. 1848,train1,3434,T
No. 1849,train1,3435,T
No. 1850,train1,3436,T
No. 1851,train1,3437,T
No. 1852,train1,3438,T
No. 1853,train1,3439,T
No. 1854,train1,3441,T
No. 1855,train1,3443,T
No. 1856,train1,3444,T
No. 1857,train1,3445,P
No. 1858,train1,3446,T
No. 1859,train1,3447,T
No. 1860,train1,3448,T
No. 1861,train1,3449,T
No. 1862,train1,3451,T
No. 1863,train1,3453,T
No. 1864,train1,3454,T
No. 1865,train1,3455,T
No. 1866,train1,3456,T
No. 1867,train1,3457,T
No. 1868,train1,3459,T
No. 1869,train1,3460,T
No. 1870,train1,3461,T
No. 1871,train1,3462,P
No. 1872,train1,3463,T
No. 1873,train1,3464,T
No. 1874,train1,3465,T
No. 1875,train1,3467,T
No. 1876,train1,3468,T
No. 1877,train1,3469,T
No. 1878,train1,3471,T
No. 1879,train1,3473,T
No. 1880,train1,3475,T
No. 1881,train1,3476,T
No. 1882,train1,3477,T
No. 1883,train1,3478,T
No. 1884,train1,3479,P
No. 1885,train1,3480,T
No. 1886,train1,3481,P
No. 1887,train1,3482,T
No. 1888,train1,3483,T
No. 1889,train1,3484,T
No. 1890,train1,3485,T
No. 1891,train1,3486,T
No. 1892,train1,3487,T
No. 1893,train1,3488,T
No. 1894,train1,3490,T
No. 1895,train1,3491,T
No. 1896,train1,3492,P
No. 1897,train1,3493,T
No. 1898,train1,3494,T
No. 1899,train1,3495,T
No. 1900,train1,3497,T
No. 1901,train1,3499,T
No. 1902,train1,3501,T
No. 1903,train1,3502,T
No. 1904,train1,3503,P
No. 1905,train1,3504,T
No. 1906,train1,3505,T
No. 1907,train1,3506,T
No. 1908,train1,3507,T
No. 1909,train1,3508,T
No. 1910,train1,3509,T
No. 1911,train1,3510,T
No. 1912,train1,3511,T
No. 1913,train1,3512,T
No. 1914,train1,3513,T
No. 1915,train1,3514,T
No. 1916,train1,3515,T
No. 1917,train1,3516,T
No. 1918,train1,3517,P
No. 1919,train1,3518,T
No. 1920,train1,3519,T
No. 1921,train1,3520,T
No. 1922,train1,3521,T
No. 1923,train1,3522,T
No. 1924,train1,3523,T
No. 1925,train1,3524,T
No. 1926,train1,3525,T
No. 1927,train1,3526,P
No. 1928,train1,3527,T
No. 1929,train1,3528,T
No. 1930,train1,3529,T
No. 1931,train1,3530,T
No. 1932,train1,3531,T
No. 1933,train1,3532,T
No. 1934,train1,3533,T
No. 1935,train1,3534,T
No. 1936,train1,3535,T
No. 1937,train1,3536,T
No. 1938,train1,3537,T
No. 1939,train1,3539,T
No. 1940,train1,3540,T
No. 1941,train1,3541,T
No. 1942,train1,3542,T
No. 1943,train1,3543,P
No. 1944,train1,3544,T
No. 1945,train1,3545,T
No. 1946,train1,3546,T
No. 1947,train1,3547,T
No. 1948,train1,3548,T
No. 1949,train1,3549,T
No. 1950,train1,3550,T
No. 1951,train1,3551,T
No. 1952,train1,3552,T
No. 1953,train1,3553,T
No. 1954,train1,3554,T
No. 1955,train1,3555,T
No. 1956,train1,3556,T
No. 1957,train1,3557,T
No. 1958,train1,3558,T
No. 1959,train1,3559,T
No. 1960,train1,3560,T
No. 1961,train1,3561,T
No. 1962,train1,3562,T
No. 1963,train1,3563,T
No. 1964,train1,3564,T
No. 1965,train1,3566,T
No. 1966,train1,3567,T
No. 1967,train1,3568,T
No. 1968,train1,3569,T
No. 1969,train1,3571,T
No. 1970,train1,3572,T
No. 1971,train1,3573,T
No. 1972,train1,3574,T
No. 1973,train1,3576,T
No. 1974,train1,3577,T
No. 1975,train1,3578,T
No. 1976,train1,3579,T
No. 1977,train1,3580,T
No. 1978,train1,3581,T
No. 1979,train1,3582,T
No. 1980,train1,3583,T
No. 1981,train1,3584,T
No. 1982,train1,3585,T
No. 1983,train1,3586,T
No. 1984,train1,3587,T
No. 1985,train1,3588,T
No. 1986,train1,3589,T
No. 1987,train1,3590,T
No. 1988,train1,3591,T
No. 1989,train1,3592,T
No. 1990,train1,3593,T
No. 1991,train1,3594,T
No. 1992,train1,3595,T
No. 1993,train1,3596,T
No. 1994,train1,3597,T
No. 1995,train1,3598,T
No. 1996,train1,3599,T
No. 1997,train1,3600,T
No. 1998,train1,3601,T
No. 1999,train1,3602,T
No. 2000,train1,3604,T
No. 2001,train1,3606,T
No. 2002,train1,3607,T
No. 2003,train1,3609,T
No. 2004,train1,3610,T
No. 2005,train1,3611,T
No. 2006,train1,3612,T
No. 2007,train1,3613,T
No. 2008,train1,3614,P
No. 2009,train1,3615,T
No. 2010,train1,3616,T
No. 2011,train1,3617,T
No. 2012,train1,3618,T
No. 2013,train1,3619,T
No. 2014,train1,3621,T
No. 2015,train1,3622,T
No. 2016,train1,3623,T
No. 2017,train1,3624,T
No. 2018,train1,3627,T
No. 2019,train1,3628,T
No. 2020,train1,3630,T
No. 2021,train1,3631,T
No. 2022,train1,3632,T
No. 2023,train1,3633,T
No. 2024,train1,3634,T
No. 2025,train1,3635,P
No. 2026,train1,3636,T
No. 2027,train1,3637,T
No. 2028,train1,3638,T
No. 2029,train1,3639,T
No. 2030,train1,3641,T
No. 2031,train1,3642,T
No. 2032,train1,3643,T
No. 2033,train1,3644,T
No. 2034,train1,3645,T
No. 2035,train1,3646,T
No. 2036,train1,3648,T
No. 2037,train1,3649,T
No. 2038,train1,3650,T
No. 2039,train1,3651,T
No. 2040,train1,3652,T
No. 2041,train1,3653,T
No. 2042,train1,3654,T
No. 2043,train1,3655,T
No. 2044,train1,3656,T
No. 2045,train1,3657,T
No. 2046,train1,3658,T
No. 2047,train1,3660,T
No. 2048,train1,3661,T
No. 2049,train1,3662,T
No. 2050,train1,3663,T
No. 2051,train1,3664,T
No. 2052,train1,3665,T
No. 2053,train1,3666,T
No. 2054,train1,3667,T
No. 2055,train1,3668,T
No. 2056,train1,3669,T
No. 2057,train1,3670,T
No. 2058,train1,3671,T
No. 2059,train1,3672,T
No. 2060,train1,3673,T
No. 2061,train1,3674,T
No. 2062,train1,3675,T
No. 2063,train1,3676,T
No. 2064,train1,3677,T
No. 2065,train1,3678,T
No. 2066,train1,3679,T
No. 2067,train1,3680,T
No. 2068,train1,3681,T
No. 2069,train1,3682,T
No. 2070,train1,3684,T
No. 2071,train1,3685,T
No. 2072,train1,3686,T
No. 2073,train1,3687,T
No. 2074,train1,3688,T
No. 2075,train1,3689,T
No. 2076,train1,3690,T
No. 2077,train1,3691,T
No. 2078,train1,3692,T
No. 2079,train1,3693,T
No. 2080,train1,3694,T
No. 2081,train1,3695,T
No. 2082,train1,3696,T
No. 2083,train1,3697,T
No. 2084,train1,3698,T
No. 2085,train1,3700,T
No. 2086,train1,3701,T
No. 2087,train1,3702,T
No. 2088,train1,3703,P
No. 2089,train1,3704,T
No. 2090,train1,3705,T
No. 2091,train1,3706,T
No. 2092,train1,3707,T
No. 2093,train1,3708,T
No. 2094,train1,3709,T
No. 2095,train1,3710,T
No. 2096,train1,3711,T
No. 2097,train1,3712,T
No. 2098,train1,3713,T
No. 2099,train1,3714,T
No. 2100,train1,3715,T
No. 2101,train1,3716,T
No. 2102,train1,3717,T
No. 2103,train1,3718,T
No. 2104,train1,3719,T
No. 2105,train1,3720,T
No. 2106,train1,3721,T
No. 2107,train1,3722,T
No. 2108,train1,3723,T
No. 2109,train1,3724,T
No. 2110,train1,3725,T
No. 2111,train1,3726,T
No. 2112,train1,3728,T
No. 2113,train1,3729,T
No. 2114,train1,3730,T
No. 2115,train1,3731,T
No. 2116,train1,3732,T
No. 2117,train1,3734,T
No. 2118,train1,3735,T
No. 2119,train1,3736,T
No. 2120,train1,3737,T
No. 2121,train1,3738,T
No. 2122,train1,3739,T
No. 2123,train1,3740,T
No. 2124,train1,3741,T
No. 2125,train1,3742,T
No. 2126,train1,3743,T
No. 2127,train1,3744,T
No. 2128,train1,3745,T
No. 2129,train1,3746,T
No. 2130,train1,3747,T
No. 2131,train1,3748,T
No. 2132,train1,3749,T
No. 2133,train1,3750,T
No. 2134,train1,3751,T
No. 2135,train1,3752,P
No. 2136,train1,3753,T
No. 2137,train1,3754,T
No. 2138,train1,3755,T
No. 2139,train1,3756,T
No. 2140,train1,3757,T
No. 2141,train1,3758,T
No. 2142,train1,3759,T
No. 2143,train1,3760,T
No. 2144,train1,3763,T
No. 2145,train1,3764,T
No. 2146,train1,3765,T
No. 2147,train1,3766,T
No. 2148,train1,3767,T
No. 2149,train1,3768,T
No. 2150,train1,3770,T
No. 2151,train1,3771,T
No. 2152,train1,3772,T
No. 2153,train1,3773,P
No. 2154,train1,3775,T
No. 2155,train1,3776,T
No. 2156,train1,3777,T
No. 2157,train1,3778,T
No. 2158,train1,3779,P
No. 2159,train1,3780,T
No. 2160,train1,3781,T
No. 2161,train1,3782,T
No. 2162,train1,3783,T
No. 2163,train1,3784,T
No. 2164,train1,3785,T
No. 2165,train1,3786,T
No. 2166,train1,3787,T
No. 2167,train1,3788,T
No. 2168,train1,3789,T
No. 2169,train1,3790,T
No. 2170,train1,3791,T
No. 2171,train1,3792,T
No. 2172,train1,3793,T
No. 2173,train1,3794,T
No. 2174,train1,3796,T
No. 2175,train1,3797,T
No. 2176,train1,3798,T
No. 2177,train1,3799,T
No. 2178,train1,3800,T
No. 2179,train1,3801,T
No. 2180,train1,3802,T
No. 2181,train1,3803,T
No. 2182,train1,3804,T
No. 2183,train1,3805,T
No. 2184,train1,3806,T
No. 2185,train1,3807,T
No. 2186,train1,3808,T
No. 2187,train1,3809,T
No. 2188,train1,3810,T
No. 2189,train1,3811,T
No. 2190,train1,3812,T
No. 2191,train1,3813,T
No. 2192,train1,3815,T
No. 2193,train1,3816,P
No. 2194,train1,3817,T
No. 2195,train1,3818,T
No. 2196,train1,3819,T
No. 2197,train1,3820,T
No. 2198,train1,3821,T
No. 2199,train1,3822,T
No. 2200,train1,3823,T
No. 2201,train1,3824,T
No. 2202,train1,3825,T
No. 2203,train1,3826,T
No. 2204,train1,3827,T
No. 2205,train1,3828,P
No. 2206,train1,3829,T
No. 2207,train1,3830,T
No. 2208,train1,3831,T
No. 2209,train1,3832,T
No. 2210,train1,3833,T
No. 2211,train1,3835,T
No. 2212,train1,3836,T
No. 2213,train1,3837,T
No. 2214,train1,3838,T
No. 2215,train1,3839,T
No. 2216,train1,3840,T
No. 2217,train1,3843,T
No. 2218,train1,3844,T
No. 2219,train1,3845,T
No. 2220,train1,3846,T
No. 2221,train1,3847,T
No. 2222,train1,3848,T
No. 2223,train1,3849,T
No. 2224,train1,3850,T
No. 2225,train1,3851,T
No. 2226,train1,3854,T
No. 2227,train1,3855,T
No. 2228,train1,3856,T
No. 2229,train1,3858,T
No. 2230,train1,3859,T
No. 2231,train1,3860,T
No. 2232,train1,3861,T
No. 2233,train1,3863,T
No. 2234,train1,3864,T
No. 2235,train1,3865,P
No. 2236,train1,3866,T
No. 2237,train1,3867,T
No. 2238,train1,3870,T
No. 2239,train1,3871,T
No. 2240,train1,3872,T
No. 2241,train1,3873,T
No. 2242,train1,3874,T
No. 2243,train1,3875,T
No. 2244,train1,3876,T
No. 2245,train1,3877,T
No. 2246,train1,3878,T
No. 2247,train1,3880,L
No. 2248,train1,3881,T
No. 2249,train1,3882,T
No. 2250,train1,3883,L
No. 2251,train1,3884,L
No. 2252,train1,3885,L
No. 2253,train1,3886,T
No. 2254,train1,3887,T
No. 2255,train1,3888,T
No. 2256,train1,3889,T
No. 2257,train1,3890,T
No. 2258,train1,3891,T
No. 2259,train1,3892,T
No. 2260,train1,3893,T
No. 2261,train1,3894,T
No. 2262,train1,3896,T
No. 2263,train1,3897,T
No. 2264,train1,3898,T
No. 2265,train1,3899,L
No. 2266,train1,3900,T
No. 2267,train1,3901,T
No. 2268,train1,3902,T
No. 2269,train1,3903,T
No. 2270,train1,3904,T
No. 2271,train1,3905,T
No. 2272,train1,3906,T
No. 2273,train1,3907,T
No. 2274,train1,3908,T
No. 2275,train1,3909,T
No. 2276,train1,3910,T
No. 2277,train1,3911,T
No. 2278,train1,3912,T
No. 2279,train1,3913,T
No. 2280,train1,3914,T
No. 2281,train1,3915,T
No. 2282,train1,3916,T
No. 2283,train1,3917,T
No. 2284,train1,3918,T
No. 2285,train1,3919,T
No. 2286,train1,3920,T
No. 2287,train1,3921,T
No. 2288,train1,3922,T
No. 2289,train1,3923,T
No. 2290,train1,3924,T
No. 2291,train1,3925,T
No. 2292,train1,3926,P
No. 2293,train1,3927,T
No. 2294,train1,3928,P
No. 2295,train1,3929,T
No. 2296,train1,3930,T
No. 2297,train1,3931,L
No. 2298,train1,3933,T
No. 2299,train1,3934,T
No. 2300,train1,3935,T
No. 2301,train1,3936,T
No. 2302,train1,3937,T
No. 2303,train1,3938,T
No. 2304,train1,3939,T
No. 2305,train1,3940,T
No. 2306,train1,3941,T
No. 2307,train1,3942,T
No. 2308,train1,3943,T
No. 2309,train1,3945,T
No. 2310,train1,3946,T
No. 2311,train1,3949,T
No. 2312,train1,3950,T
No. 2313,train1,3951,T
No. 2314,train1,3952,T
No. 2315,train1,3953,T
No. 2316,train1,3955,T
No. 2317,train1,3956,T
No. 2318,train1,3957,T
No. 2319,train1,3958,T
No. 2320,train1,3959,T
No. 2321,train1,3960,T
No. 2322,train1,3961,T
No. 2323,train1,3962,T
No. 2324,train1,3963,T
No. 2325,train1,3964,L
No. 2326,train1,3966,T
No. 2327,train1,3967,T
No. 2328,train1,3968,T
No. 2329,train1,3969,T
No. 2330,train1,3970,T
No. 2331,train1,3971,T
No. 2332,train1,3972,T
No. 2333,train1,3973,T
No. 2334,train1,3974,T
No. 2335,train1,3975,T
No. 2336,train1,3976,T
No. 2337,train1,3977,T
No. 2338,train1,3978,T
No. 2339,train1,3979,T
No. 2340,train1,3980,T
No. 2341,train1,3981,T
No. 2342,train1,3983,T
No. 2343,train1,3984,T
No. 2344,train1,3985,T
No. 2345,train1,3986,T
No. 2346,train1,3987,T
No. 2347,train1,3988,T
No. 2348,train1,3989,T
No. 2349,train1,3990,T
No. 2350,train1,3991,T
No. 2351,train1,3992,T
No. 2352,train1,3993,T
No. 2353,train1,3994,T
No. 2354,train1,3995,T
No. 2355,train1,3996,T
No. 2356,train1,3997,T
No. 2357,train1,3998,T
No. 2358,train1,3999,L
No. 2359,train1,4000,T
No. 2360,train1,4001,T
No. 2361,train1,4002,T
No. 2362,train1,4003,T
No. 2363,train1,4004,L
No. 2364,train1,4005,T
No. 2365,train1,4007,T
No. 2366,train1,4008,T
No. 2367,train1,4010,T
No. 2368,train1,4011,T
No. 2369,train1,4012,T
No. 2370,train1,4013,T
No. 2371,train1,4014,T
No. 2372,train1,4015,T
No. 2373,train1,4016,T
No. 2374,train1,4017,T
No. 2375,train1,4018,T
No. 2376,train1,4019,T
No. 2377,train1,4020,T
No. 2378,train1,4021,T
No. 2379,train1,4023,T
No. 2380,train1,4024,T
No. 2381,train1,4026,T
No. 2382,train1,4027,T
No. 2383,train1,4028,T
No. 2384,train1,4029,T
No. 2385,train1,4030,T
No. 2386,train1,4031,T
No. 2387,train1,4032,T
No. 2388,train1,4033,T
No. 2389,train1,4034,T
No. 2390,train1,4035,T
No. 2391,train1,4036,T
No. 2392,train1,4037,T
No. 2393,train1,4038,T
No. 2394,train1,4040,T
No. 2395,train1,4041,T
No. 2396,train1,4042,T
No. 2397,train1,4043,T
No. 2398,train1,4044,T
No. 2399,train1,4045,T
No. 2400,train1,4046,T
No. 2401,train1,4047,P
No. 2402,train1,4048,T
No. 2403,train1,4049,T
No. 2404,train1,4050,T
No. 2405,train1,4052,T
No. 2406,train1,4053,T
No. 2407,train1,4054,T
No. 2408,train1,4055,T
No. 2409,train1,4056,T
No. 2410,train1,4057,T
No. 2411,train1,4058,T
No. 2412,train1,4059,T
No. 2413,train1,4060,T
No. 2414,train1,4062,T
No. 2415,train1,4063,T
No. 2416,train1,4064,P
No. 2417,train1,4065,T
No. 2418,train1,4066,T
No. 2419,train1,4067,L
No. 2420,train1,4068,T
No. 2421,train1,4069,T
No. 2422,train1,4071,T
No. 2423,train1,4072,T
No. 2424,train1,4073,T
No. 2425,train1,4074,T
No. 2426,train1,4075,T
No. 2427,train1,4076,T
No. 2428,train1,4077,T
No. 2429,train1,4078,T
No. 2430,train1,4079,T
No. 2431,train1,4080,T
No. 2432,train1,4081,T
No. 2433,train1,4082,T
No. 2434,train1,4083,T
No. 2435,train1,4084,T
No. 2436,train1,4085,T
No. 2437,train1,4087,T
No. 2438,train1,4089,P
No. 2439,train1,4090,T
No. 2440,train1,4091,T
No. 2441,train1,4092,T
No. 2442,train1,4093,T
No. 2443,train1,4094,T
No. 2444,train1,4096,T
No. 2445,train1,4097,T
No. 2446,train1,4098,T
No. 2447,train1,4099,T
No. 2448,train1,4100,T
No. 2449,train1,4101,T
No. 2450,train1,4102,T
No. 2451,train1,4103,T
No. 2452,train1,4104,T
No. 2453,train1,4105,T
No. 2454,train1,4106,T
No. 2455,train1,4107,T
No. 2456,train1,4108,T
No. 2457,train1,4109,T
No. 2458,train1,4110,T
No. 2459,train1,4111,T
No. 2460,train1,4112,T
No. 2461,train1,4113,T
No. 2462,train1,4114,T
No. 2463,train1,4115,T
No. 2464,train1,4116,T
No. 2465,train1,4117,T
No. 2466,train1,4118,T
No. 2467,train1,4120,T
No. 2468,train1,4121,T
No. 2469,train1,4122,T
No. 2470,train1,4123,T
No. 2471,train1,4124,T
No. 2472,train1,4126,T
No. 2473,train1,4128,T
No. 2474,train1,4129,T
No. 2475,train1,4130,T
No. 2476,train1,4131,T
No. 2477,train1,4132,T
No. 2478,train1,4133,T
No. 2479,train1,4134,T
No. 2480,train1,4135,T
No. 2481,train1,4136,T
No. 2482,train1,4137,T
No. 2483,train1,4138,T
No. 2484,train1,4139,T
No. 2485,train1,4140,T
No. 2486,train1,4141,T
No. 2487,train1,4142,T
No. 2488,train1,4143,T
No. 2489,train1,4144,T
No. 2490,train1,4145,T
No. 2491,train1,4146,T
No. 2492,train1,4147,T
No. 2493,train1,4148,T
No. 2494,train1,4149,T
No. 2495,train1,4150,T
No. 2496,train1,4151,T
No. 2497,train1,4152,T
No. 2498,train1,4153,T
No. 2499,train1,4154,T
No. 2500,train1,4155,T